sensor_id,timestamp,temperature,humidity,location,sensor_type
1019,2025-04-06T07:46:24.000Z,18.99,42.82,BuildingB_Floor2,TypeA
1091,2025-04-06T17:29:40.000Z,19.74,66.84,BuildingA_Floor1,TypeC
1055,2025-04-06T05:09:42.000Z,17.41,46.0,BuildingA_Floor1,TypeA
1093,2025-04-05T02:08:28.000Z,16.09,49.24,BuildingB_Floor2,TypeB
1076,2025-04-06T13:34:50.000Z,21.7,36.76,BuildingB_Floor1,TypeB
1092,2025-04-03T09:29:12.000Z,20.84,30.89,BuildingA_Floor2,TypeC
1050,2025-04-03T07:29:24.000Z,16.71,40.35,BuildingB_Floor1,TypeA
1046,2025-04-05T05:35:36.000Z,17.88,48.93,BuildingB_Floor1,TypeA
1015,2025-04-05T04:27:44.000Z,22.93,39.48,BuildingB_Floor2,TypeB
1100,2025-04-04T09:11:24.000Z,17.94,54.11,BuildingB_Floor1,TypeB
1027,2025-04-06T00:27:57.000Z,29.09,53.95,BuildingB_Floor2,TypeA
1096,2025-04-03T10:12:11.000Z,28.24,49.09,BuildingB_Floor1,TypeC
1036,2025-04-06T06:28:34.000Z,33.96,61.68,BuildingA_Floor1,TypeC
1041,2025-04-06T14:03:18.000Z,33.78,58.09,BuildingA_Floor1,TypeA
1029,2025-04-02T19:30:09.000Z,32.68,35.3,BuildingA_Floor2,TypeA
1030,2025-04-06T12:14:23.000Z,18.23,38.9,BuildingB_Floor1,TypeB
1072,2025-04-03T02:12:31.000Z,22.79,69.19,BuildingB_Floor1,TypeC
1067,2025-04-06T20:22:56.000Z,22.56,44.03,BuildingA_Floor2,TypeB
1082,2025-04-03T08:07:20.000Z,19.92,30.44,BuildingA_Floor2,TypeA
1046,2025-04-07T14:28:47.000Z,16.44,62.29,BuildingB_Floor1,TypeB
1074,2025-04-02T23:36:47.000Z,21.91,37.15,BuildingA_Floor2,TypeB
1046,2025-04-07T17:45:31.000Z,34.39,31.49,BuildingB_Floor1,TypeA
1004,2025-04-04T10:25:47.000Z,30.67,60.71,BuildingA_Floor2,TypeB
1006,2025-04-03T13:40:13.000Z,31.23,68.85,BuildingB_Floor1,TypeA
1041,2025-04-06T12:45:55.000Z,24.96,48.35,BuildingA_Floor2,TypeB
1079,2025-04-06T11:34:36.000Z,19.16,59.98,BuildingB_Floor1,TypeC
1024,2025-04-03T07:07:43.000Z,17.55,36.39,BuildingB_Floor2,TypeC
1042,2025-04-03T10:25:15.000Z,33.16,61.58,BuildingA_Floor1,TypeA
1014,2025-04-06T14:31:35.000Z,23.23,31.37,BuildingB_Floor2,TypeC
1033,2025-04-03T11:10:23.000Z,24.72,31.45,BuildingA_Floor1,TypeC
1078,2025-04-04T13:45:26.000Z,31.77,38.7,BuildingB_Floor1,TypeA
1034,2025-04-05T20:07:33.000Z,16.97,71.62,BuildingA_Floor2,TypeB
1095,2025-04-03T07:02:30.000Z,30.27,75.21,BuildingB_Floor1,TypeC
1052,2025-04-07T18:12:28.000Z,28.26,62.27,BuildingB_Floor1,TypeC
1052,2025-04-04T06:03:13.000Z,33.21,63.66,BuildingA_Floor1,TypeA
1029,2025-04-07T09:17:06.000Z,15.39,58.2,BuildingA_Floor2,TypeA
1020,2025-04-07T04:45:19.000Z,33.41,77.83,BuildingB_Floor1,TypeC
1004,2025-04-05T23:15:15.000Z,33.53,72.76,BuildingA_Floor2,TypeC
1073,2025-04-02T23:00:35.000Z,20.19,52.51,BuildingA_Floor1,TypeB
1065,2025-04-03T15:18:47.000Z,32.26,50.81,BuildingB_Floor2,TypeA
1031,2025-04-05T13:50:53.000Z,29.72,65.32,BuildingA_Floor1,TypeC
1029,2025-04-04T15:45:15.000Z,34.38,49.48,BuildingA_Floor2,TypeB
1047,2025-04-04T22:32:52.000Z,20.4,30.02,BuildingB_Floor1,TypeC
1048,2025-04-03T07:57:29.000Z,28.06,78.85,BuildingB_Floor1,TypeA
1018,2025-04-07T04:19:36.000Z,18.73,58.87,BuildingB_Floor1,TypeA
1029,2025-04-05T21:22:48.000Z,17.21,35.4,BuildingA_Floor2,TypeA
1098,2025-04-03T12:08:07.000Z,30.68,77.22,BuildingA_Floor1,TypeA
1071,2025-04-07T10:11:46.000Z,19.74,74.44,BuildingA_Floor2,TypeA
1078,2025-04-07T11:27:35.000Z,30.66,66.18,BuildingB_Floor1,TypeA
1033,2025-04-05T10:32:44.000Z,26.46,34.26,BuildingA_Floor2,TypeA
1079,2025-04-03T17:30:53.000Z,25.22,64.31,BuildingB_Floor1,TypeA
1057,2025-04-05T17:53:28.000Z,25.65,59.96,BuildingB_Floor2,TypeB
1095,2025-04-03T12:37:48.000Z,17.51,44.19,BuildingA_Floor2,TypeA
1039,2025-04-03T10:26:50.000Z,23.34,36.54,BuildingA_Floor1,TypeC
1026,2025-04-04T07:09:07.000Z,31.78,52.28,BuildingA_Floor1,TypeC
1015,2025-04-03T18:55:20.000Z,16.15,58.38,BuildingB_Floor1,TypeC
1028,2025-04-04T00:16:54.000Z,24.07,44.46,BuildingB_Floor1,TypeC
1001,2025-04-07T05:26:47.000Z,17.1,47.57,BuildingA_Floor1,TypeC
1055,2025-04-03T16:40:16.000Z,27.83,54.11,BuildingA_Floor1,TypeA
1061,2025-04-04T11:27:02.000Z,34.21,54.7,BuildingB_Floor1,TypeC
1051,2025-04-03T04:15:03.000Z,25.52,38.38,BuildingB_Floor1,TypeC
1037,2025-04-05T03:27:58.000Z,28.89,79.5,BuildingB_Floor2,TypeB
1087,2025-04-06T12:11:42.000Z,34.65,37.39,BuildingB_Floor2,TypeB
1072,2025-04-07T14:15:32.000Z,18.98,66.72,BuildingB_Floor2,TypeB
1010,2025-04-07T03:41:58.000Z,28.91,68.27,BuildingB_Floor2,TypeC
1075,2025-04-06T02:33:46.000Z,26.55,47.29,BuildingA_Floor2,TypeC
1006,2025-04-07T00:49:13.000Z,23.65,78.9,BuildingB_Floor1,TypeA
1065,2025-04-03T03:10:21.000Z,32.97,66.31,BuildingB_Floor2,TypeC
1065,2025-04-07T16:24:07.000Z,16.94,69.57,BuildingA_Floor1,TypeC
1012,2025-04-03T20:09:20.000Z,18.88,71.19,BuildingB_Floor1,TypeB
1006,2025-04-03T13:24:38.000Z,28.74,72.58,BuildingA_Floor1,TypeA
1095,2025-04-04T02:23:55.000Z,28.24,32.82,BuildingB_Floor1,TypeA
1091,2025-04-03T00:44:24.000Z,32.83,37.66,BuildingA_Floor1,TypeC
1090,2025-04-03T06:27:15.000Z,18.9,43.04,BuildingA_Floor1,TypeB
1032,2025-04-03T08:32:13.000Z,28.29,76.75,BuildingB_Floor1,TypeB
1048,2025-04-02T20:52:34.000Z,34.44,57.54,BuildingB_Floor1,TypeB
1054,2025-04-03T22:38:04.000Z,17.01,58.99,BuildingB_Floor2,TypeA
1040,2025-04-07T13:46:41.000Z,17.56,67.18,BuildingB_Floor2,TypeC
1041,2025-04-05T16:13:22.000Z,20.42,41.4,BuildingB_Floor1,TypeA
1062,2025-04-07T16:44:57.000Z,31.3,72.88,BuildingB_Floor1,TypeC
1072,2025-04-06T17:10:42.000Z,27.53,41.68,BuildingB_Floor2,TypeA
1013,2025-04-05T00:08:36.000Z,24.9,36.6,BuildingA_Floor1,TypeA
1092,2025-04-02T19:56:12.000Z,34.76,40.54,BuildingA_Floor2,TypeA
1082,2025-04-07T07:21:45.000Z,21.29,37.11,BuildingA_Floor1,TypeA
1099,2025-04-04T21:09:14.000Z,34.0,48.92,BuildingB_Floor2,TypeA
1078,2025-04-06T19:08:54.000Z,28.91,59.43,BuildingB_Floor2,TypeC
1096,2025-04-05T18:13:36.000Z,18.13,64.79,BuildingB_Floor1,TypeB
1017,2025-04-05T10:11:21.000Z,31.7,41.58,BuildingB_Floor1,TypeB
1042,2025-04-07T03:32:17.000Z,18.93,75.89,BuildingB_Floor2,TypeC
1015,2025-04-06T15:23:29.000Z,19.99,67.23,BuildingB_Floor1,TypeA
1045,2025-04-03T03:05:59.000Z,26.01,34.05,BuildingA_Floor1,TypeC
1013,2025-04-07T18:53:10.000Z,32.74,38.81,BuildingB_Floor1,TypeA
1089,2025-04-07T13:17:54.000Z,32.22,38.73,BuildingA_Floor2,TypeC
1008,2025-04-03T09:35:12.000Z,21.81,61.98,BuildingA_Floor2,TypeA
1063,2025-04-04T08:57:03.000Z,22.7,65.24,BuildingB_Floor2,TypeC
1078,2025-04-07T06:02:52.000Z,26.61,61.21,BuildingB_Floor2,TypeB
1007,2025-04-03T17:57:48.000Z,19.91,60.19,BuildingA_Floor1,TypeB
1018,2025-04-04T05:29:26.000Z,28.22,65.63,BuildingA_Floor2,TypeB
1045,2025-04-04T06:08:09.000Z,29.59,37.13,BuildingB_Floor1,TypeC
1015,2025-04-05T04:15:52.000Z,30.45,50.79,BuildingA_Floor2,TypeA
1070,2025-04-03T08:51:34.000Z,33.31,36.24,BuildingA_Floor2,TypeB
1079,2025-04-04T07:04:10.000Z,18.29,78.34,BuildingB_Floor2,TypeA
1074,2025-04-03T06:43:40.000Z,21.17,36.24,BuildingA_Floor1,TypeC
1053,2025-04-04T21:32:11.000Z,31.49,46.42,BuildingB_Floor2,TypeC
1042,2025-04-06T22:28:19.000Z,23.51,30.53,BuildingB_Floor1,TypeA
1099,2025-04-05T14:53:38.000Z,24.34,67.03,BuildingA_Floor1,TypeC
1058,2025-04-04T18:58:22.000Z,28.86,63.8,BuildingA_Floor2,TypeA
1084,2025-04-02T23:07:17.000Z,19.38,75.06,BuildingA_Floor1,TypeB
1083,2025-04-06T22:37:35.000Z,20.01,37.91,BuildingB_Floor2,TypeC
1028,2025-04-05T01:40:09.000Z,30.25,77.48,BuildingA_Floor1,TypeC
1093,2025-04-06T23:13:47.000Z,31.37,76.46,BuildingB_Floor2,TypeC
1022,2025-04-03T19:42:55.000Z,25.93,46.06,BuildingA_Floor2,TypeA
1069,2025-04-03T12:45:53.000Z,31.94,60.65,BuildingA_Floor2,TypeC
1018,2025-04-02T20:35:35.000Z,22.0,76.12,BuildingA_Floor2,TypeB
1053,2025-04-03T10:37:18.000Z,33.19,75.46,BuildingA_Floor2,TypeA
1100,2025-04-07T16:49:35.000Z,28.71,60.94,BuildingB_Floor1,TypeA
1068,2025-04-05T04:19:08.000Z,21.94,45.46,BuildingB_Floor1,TypeA
1013,2025-04-05T20:56:00.000Z,16.09,54.55,BuildingA_Floor2,TypeB
1097,2025-04-04T09:31:51.000Z,17.68,43.16,BuildingB_Floor2,TypeA
1048,2025-04-03T20:31:32.000Z,21.96,58.09,BuildingA_Floor2,TypeB
1043,2025-04-07T12:03:55.000Z,33.76,40.52,BuildingA_Floor2,TypeC
1082,2025-04-07T12:23:20.000Z,19.91,67.03,BuildingA_Floor2,TypeA
1059,2025-04-04T09:23:35.000Z,25.34,41.71,BuildingB_Floor2,TypeB
1060,2025-04-04T11:48:02.000Z,20.87,62.05,BuildingB_Floor2,TypeB
1062,2025-04-06T22:00:12.000Z,28.66,65.76,BuildingB_Floor1,TypeC
1056,2025-04-06T12:41:18.000Z,34.03,47.35,BuildingB_Floor1,TypeB
1048,2025-04-07T01:46:59.000Z,26.1,69.85,BuildingA_Floor2,TypeC
1051,2025-04-02T21:06:28.000Z,31.54,38.66,BuildingB_Floor1,TypeA
1001,2025-04-03T06:44:14.000Z,17.01,33.78,BuildingA_Floor1,TypeB
1060,2025-04-06T08:50:55.000Z,31.02,77.77,BuildingB_Floor2,TypeC
1091,2025-04-05T21:46:56.000Z,19.31,77.73,BuildingB_Floor1,TypeC
1020,2025-04-05T13:38:30.000Z,21.81,58.01,BuildingA_Floor1,TypeC
1069,2025-04-06T17:17:19.000Z,18.55,67.69,BuildingB_Floor2,TypeB
1066,2025-04-06T17:17:42.000Z,34.46,79.95,BuildingB_Floor1,TypeC
1009,2025-04-03T03:24:39.000Z,32.64,32.92,BuildingA_Floor2,TypeA
1028,2025-04-07T13:03:47.000Z,15.69,37.63,BuildingA_Floor1,TypeC
1088,2025-04-07T13:21:12.000Z,19.02,60.2,BuildingA_Floor2,TypeB
1097,2025-04-04T10:36:44.000Z,18.88,47.4,BuildingA_Floor1,TypeC
1025,2025-04-05T10:19:15.000Z,23.16,76.73,BuildingA_Floor2,TypeC
1063,2025-04-06T01:08:25.000Z,28.85,74.99,BuildingA_Floor1,TypeA
1028,2025-04-04T17:22:57.000Z,33.27,57.93,BuildingA_Floor2,TypeB
1000,2025-04-03T23:03:40.000Z,23.02,70.63,BuildingA_Floor1,TypeC
1087,2025-04-07T17:48:06.000Z,15.98,72.67,BuildingB_Floor2,TypeC
1073,2025-04-04T10:07:58.000Z,30.84,45.16,BuildingA_Floor1,TypeB
1000,2025-04-05T13:51:31.000Z,33.54,38.74,BuildingA_Floor2,TypeC
1028,2025-04-07T13:05:55.000Z,32.06,54.51,BuildingA_Floor1,TypeC
1099,2025-04-05T17:52:25.000Z,18.6,63.7,BuildingA_Floor1,TypeA
1010,2025-04-04T04:49:36.000Z,23.26,54.73,BuildingB_Floor1,TypeC
1024,2025-04-05T14:15:47.000Z,23.68,37.16,BuildingA_Floor2,TypeC
1061,2025-04-07T01:20:40.000Z,29.82,45.86,BuildingB_Floor2,TypeC
1012,2025-04-06T00:01:45.000Z,16.91,64.79,BuildingB_Floor1,TypeB
1062,2025-04-04T06:01:04.000Z,25.77,31.1,BuildingB_Floor1,TypeA
1094,2025-04-06T21:22:16.000Z,27.63,55.27,BuildingA_Floor2,TypeC
1002,2025-04-03T10:28:44.000Z,22.57,72.61,BuildingA_Floor2,TypeB
1056,2025-04-07T17:37:41.000Z,23.88,44.62,BuildingB_Floor2,TypeC
1036,2025-04-07T08:57:11.000Z,28.04,72.53,BuildingB_Floor1,TypeB
1062,2025-04-02T22:10:56.000Z,27.92,65.09,BuildingB_Floor2,TypeB
1086,2025-04-03T06:42:11.000Z,15.79,55.59,BuildingA_Floor1,TypeA
1052,2025-04-02T22:39:14.000Z,27.61,65.71,BuildingB_Floor1,TypeB
1068,2025-04-03T09:45:19.000Z,21.41,47.09,BuildingA_Floor1,TypeA
1038,2025-04-04T00:39:28.000Z,32.89,58.75,BuildingB_Floor2,TypeB
1090,2025-04-03T09:33:46.000Z,22.9,57.72,BuildingA_Floor2,TypeB
1042,2025-04-04T01:30:14.000Z,25.99,64.59,BuildingA_Floor2,TypeB
1046,2025-04-04T05:59:35.000Z,34.0,31.43,BuildingA_Floor1,TypeC
1082,2025-04-07T06:26:52.000Z,32.27,52.68,BuildingB_Floor2,TypeB
1089,2025-04-06T20:31:13.000Z,31.4,58.22,BuildingA_Floor1,TypeC
1035,2025-04-03T20:38:34.000Z,16.77,76.2,BuildingB_Floor1,TypeA
1012,2025-04-03T11:00:38.000Z,22.89,56.91,BuildingB_Floor1,TypeC
1031,2025-04-04T12:15:12.000Z,21.84,57.37,BuildingA_Floor2,TypeC
1038,2025-04-06T10:51:19.000Z,17.34,52.55,BuildingA_Floor1,TypeA
1003,2025-04-05T17:53:06.000Z,34.5,52.83,BuildingA_Floor1,TypeB
1071,2025-04-07T01:55:18.000Z,27.75,74.61,BuildingB_Floor1,TypeC
1083,2025-04-04T15:25:40.000Z,16.06,62.25,BuildingA_Floor1,TypeC
1049,2025-04-06T11:58:54.000Z,32.06,43.86,BuildingA_Floor2,TypeC
1051,2025-04-04T08:57:21.000Z,32.8,49.0,BuildingA_Floor1,TypeC
1077,2025-04-03T18:29:00.000Z,34.27,79.66,BuildingB_Floor2,TypeA
1054,2025-04-06T08:38:11.000Z,23.8,36.85,BuildingA_Floor2,TypeA
1062,2025-04-05T08:30:10.000Z,33.0,62.0,BuildingB_Floor1,TypeA
1079,2025-04-04T17:21:55.000Z,28.91,67.34,BuildingB_Floor2,TypeB
1002,2025-04-03T21:13:01.000Z,27.47,45.22,BuildingB_Floor1,TypeA
1099,2025-04-06T20:41:21.000Z,22.36,66.44,BuildingA_Floor2,TypeC
1001,2025-04-05T03:25:46.000Z,16.79,63.22,BuildingA_Floor1,TypeB
1036,2025-04-04T16:25:31.000Z,32.12,31.81,BuildingA_Floor2,TypeC
1017,2025-04-04T12:01:18.000Z,19.88,62.31,BuildingB_Floor1,TypeC
1036,2025-04-06T03:49:17.000Z,23.35,49.97,BuildingB_Floor1,TypeA
1011,2025-04-04T09:47:31.000Z,19.92,56.7,BuildingB_Floor2,TypeA
1092,2025-04-03T16:43:37.000Z,17.73,66.19,BuildingB_Floor2,TypeA
1073,2025-04-04T02:44:58.000Z,17.92,70.63,BuildingB_Floor1,TypeB
1082,2025-04-05T08:31:33.000Z,33.53,69.94,BuildingB_Floor1,TypeA
1004,2025-04-04T18:29:26.000Z,16.01,49.4,BuildingB_Floor1,TypeA
1054,2025-04-06T02:18:01.000Z,27.45,46.16,BuildingA_Floor2,TypeB
1100,2025-04-03T22:38:05.000Z,20.16,53.9,BuildingA_Floor1,TypeA
1084,2025-04-05T21:23:58.000Z,28.55,33.99,BuildingA_Floor2,TypeA
1070,2025-04-06T05:35:58.000Z,34.96,61.13,BuildingA_Floor2,TypeC
1057,2025-04-05T06:39:24.000Z,21.18,77.41,BuildingA_Floor2,TypeC
1061,2025-04-06T16:32:00.000Z,25.44,62.77,BuildingB_Floor2,TypeC
1031,2025-04-03T01:08:47.000Z,32.14,49.94,BuildingA_Floor1,TypeB
1035,2025-04-07T05:59:32.000Z,17.2,62.14,BuildingA_Floor1,TypeC
1010,2025-04-04T13:05:42.000Z,33.88,75.42,BuildingB_Floor1,TypeA
1086,2025-04-03T15:21:32.000Z,30.03,78.72,BuildingA_Floor2,TypeA
1046,2025-04-05T18:12:56.000Z,27.17,37.98,BuildingA_Floor2,TypeB
1039,2025-04-05T12:33:11.000Z,27.74,46.8,BuildingB_Floor1,TypeA
1071,2025-04-07T13:55:44.000Z,29.96,66.04,BuildingB_Floor1,TypeB
1077,2025-04-05T19:09:45.000Z,32.49,38.42,BuildingB_Floor1,TypeA
1075,2025-04-03T20:28:37.000Z,18.51,61.43,BuildingA_Floor1,TypeC
1066,2025-04-06T20:49:50.000Z,16.96,61.69,BuildingA_Floor2,TypeB
1027,2025-04-05T21:48:00.000Z,20.31,42.4,BuildingB_Floor2,TypeC
1067,2025-04-04T22:34:22.000Z,19.11,51.46,BuildingA_Floor2,TypeA
1089,2025-04-04T06:32:55.000Z,22.13,63.16,BuildingA_Floor2,TypeA
1073,2025-04-04T04:50:12.000Z,23.16,51.34,BuildingA_Floor1,TypeA
1016,2025-04-06T02:49:33.000Z,34.85,40.48,BuildingA_Floor2,TypeB
1032,2025-04-07T04:58:32.000Z,24.97,39.58,BuildingA_Floor2,TypeC
1099,2025-04-03T19:36:18.000Z,32.94,41.83,BuildingA_Floor2,TypeC
1054,2025-04-03T16:10:48.000Z,24.06,79.3,BuildingB_Floor2,TypeA
1044,2025-04-03T19:00:37.000Z,16.88,71.64,BuildingB_Floor2,TypeB
1081,2025-04-03T04:45:25.000Z,18.18,64.78,BuildingA_Floor1,TypeC
1052,2025-04-03T05:45:49.000Z,16.56,54.0,BuildingB_Floor2,TypeB
1053,2025-04-04T21:29:21.000Z,18.2,50.67,BuildingA_Floor2,TypeB
1007,2025-04-06T19:34:09.000Z,31.63,57.65,BuildingB_Floor2,TypeB
1076,2025-04-03T10:31:25.000Z,33.28,49.99,BuildingB_Floor2,TypeB
1046,2025-04-06T07:06:02.000Z,16.61,57.0,BuildingB_Floor1,TypeB
1040,2025-04-04T10:32:35.000Z,29.32,49.67,BuildingB_Floor1,TypeB
1057,2025-04-06T17:23:23.000Z,34.32,31.26,BuildingA_Floor1,TypeB
1097,2025-04-07T18:36:25.000Z,22.32,50.5,BuildingA_Floor2,TypeB
1047,2025-04-04T01:18:53.000Z,17.3,66.07,BuildingB_Floor2,TypeC
1090,2025-04-04T11:53:54.000Z,34.65,42.08,BuildingA_Floor1,TypeC
1037,2025-04-06T23:39:30.000Z,34.26,68.74,BuildingA_Floor2,TypeB
1008,2025-04-04T10:58:43.000Z,17.43,54.76,BuildingA_Floor1,TypeB
1015,2025-04-04T11:19:21.000Z,16.93,74.86,BuildingA_Floor2,TypeA
1013,2025-04-04T20:31:35.000Z,29.27,43.27,BuildingB_Floor2,TypeA
1061,2025-04-06T02:26:22.000Z,21.35,46.04,BuildingB_Floor1,TypeA
1045,2025-04-05T17:43:54.000Z,31.99,70.54,BuildingA_Floor2,TypeB
1097,2025-04-04T04:23:10.000Z,32.71,60.72,BuildingB_Floor1,TypeB
1080,2025-04-05T00:22:27.000Z,22.99,77.55,BuildingA_Floor2,TypeA
1089,2025-04-06T03:20:04.000Z,20.41,65.58,BuildingB_Floor1,TypeA
1018,2025-04-04T16:08:40.000Z,34.05,33.29,BuildingB_Floor2,TypeB
1039,2025-04-04T12:32:33.000Z,31.22,33.38,BuildingA_Floor2,TypeC
1096,2025-04-03T22:10:59.000Z,27.56,68.6,BuildingB_Floor2,TypeA
1056,2025-04-06T03:03:56.000Z,33.75,78.05,BuildingB_Floor2,TypeB
1096,2025-04-07T14:35:54.000Z,20.6,38.54,BuildingA_Floor1,TypeA
1068,2025-04-07T08:09:58.000Z,20.51,64.41,BuildingA_Floor1,TypeA
1006,2025-04-05T00:44:49.000Z,20.67,35.72,BuildingB_Floor2,TypeC
1044,2025-04-02T22:20:19.000Z,24.06,56.92,BuildingA_Floor1,TypeB
1019,2025-04-06T09:46:50.000Z,24.94,57.63,BuildingB_Floor2,TypeC
1052,2025-04-04T13:18:38.000Z,27.64,66.25,BuildingB_Floor1,TypeA
1041,2025-04-05T07:30:13.000Z,33.2,61.54,BuildingB_Floor1,TypeB
1052,2025-04-03T01:32:55.000Z,26.71,34.99,BuildingA_Floor1,TypeB
1068,2025-04-06T20:56:15.000Z,17.65,59.32,BuildingA_Floor1,TypeB
1055,2025-04-04T16:37:41.000Z,26.47,43.36,BuildingA_Floor2,TypeA
1041,2025-04-05T18:58:42.000Z,29.6,35.1,BuildingB_Floor1,TypeB
1073,2025-04-07T02:47:28.000Z,25.84,56.99,BuildingB_Floor1,TypeC
1016,2025-04-05T00:34:10.000Z,25.87,72.81,BuildingB_Floor2,TypeB
1082,2025-04-06T15:35:58.000Z,30.99,46.38,BuildingA_Floor1,TypeB
1016,2025-04-03T23:25:42.000Z,21.5,67.21,BuildingA_Floor1,TypeC
1005,2025-04-03T05:47:24.000Z,30.47,48.41,BuildingA_Floor2,TypeB
1099,2025-04-05T11:04:57.000Z,31.54,46.96,BuildingB_Floor2,TypeA
1034,2025-04-03T15:17:11.000Z,19.33,70.6,BuildingB_Floor1,TypeA
1026,2025-04-04T19:01:47.000Z,30.11,61.29,BuildingA_Floor1,TypeA
1035,2025-04-03T09:46:56.000Z,27.81,52.65,BuildingA_Floor2,TypeB
1037,2025-04-06T02:12:13.000Z,20.98,32.05,BuildingA_Floor2,TypeA
1095,2025-04-06T11:59:25.000Z,16.59,72.11,BuildingB_Floor1,TypeB
1021,2025-04-05T12:06:54.000Z,17.71,76.74,BuildingB_Floor1,TypeA
1074,2025-04-03T16:12:30.000Z,24.52,47.03,BuildingA_Floor2,TypeB
1021,2025-04-06T08:10:26.000Z,33.06,64.2,BuildingB_Floor1,TypeA
1086,2025-04-04T13:36:54.000Z,17.29,71.35,BuildingA_Floor1,TypeB
1068,2025-04-03T16:03:55.000Z,31.97,66.53,BuildingA_Floor1,TypeB
1041,2025-04-04T23:59:22.000Z,25.22,40.79,BuildingB_Floor2,TypeB
1053,2025-04-07T00:55:17.000Z,15.3,65.63,BuildingB_Floor2,TypeC
1062,2025-04-07T18:45:13.000Z,33.46,47.36,BuildingB_Floor2,TypeB
1031,2025-04-06T04:56:19.000Z,23.87,36.62,BuildingB_Floor2,TypeA
1068,2025-04-05T10:24:54.000Z,26.42,62.01,BuildingA_Floor1,TypeA
1029,2025-04-06T03:38:02.000Z,19.51,56.94,BuildingA_Floor2,TypeB
1035,2025-04-07T16:14:05.000Z,15.93,77.31,BuildingA_Floor1,TypeA
1082,2025-04-03T21:04:39.000Z,29.85,45.53,BuildingA_Floor1,TypeC
1041,2025-04-07T08:10:18.000Z,19.39,43.22,BuildingA_Floor2,TypeC
1071,2025-04-05T22:17:13.000Z,29.95,45.3,BuildingB_Floor1,TypeB
1057,2025-04-03T23:04:42.000Z,27.83,50.92,BuildingB_Floor2,TypeC
1069,2025-04-06T16:45:58.000Z,26.18,43.78,BuildingB_Floor1,TypeA
1015,2025-04-06T05:49:46.000Z,31.36,50.86,BuildingB_Floor2,TypeB
1088,2025-04-04T02:32:46.000Z,17.23,40.06,BuildingA_Floor2,TypeB
1071,2025-04-06T16:49:06.000Z,30.6,78.82,BuildingB_Floor1,TypeB
1003,2025-04-06T08:18:24.000Z,27.48,58.3,BuildingB_Floor2,TypeA
1000,2025-04-05T10:09:18.000Z,34.75,78.37,BuildingB_Floor1,TypeA
1074,2025-04-07T00:29:55.000Z,21.89,61.37,BuildingA_Floor2,TypeB
1047,2025-04-04T20:46:00.000Z,22.43,77.9,BuildingA_Floor2,TypeA
1075,2025-04-05T03:09:24.000Z,19.9,71.97,BuildingA_Floor2,TypeB
1018,2025-04-05T22:43:11.000Z,25.94,44.03,BuildingB_Floor2,TypeA
1063,2025-04-07T14:59:30.000Z,15.61,57.31,BuildingB_Floor2,TypeA
1009,2025-04-07T04:33:18.000Z,24.92,79.9,BuildingA_Floor2,TypeA
1024,2025-04-04T07:05:10.000Z,25.92,66.34,BuildingA_Floor1,TypeA
1056,2025-04-04T15:36:44.000Z,26.12,30.33,BuildingB_Floor2,TypeC
1038,2025-04-07T01:08:54.000Z,34.31,32.14,BuildingA_Floor1,TypeA
1008,2025-04-05T03:41:53.000Z,20.18,77.94,BuildingA_Floor2,TypeB
1091,2025-04-05T01:56:55.000Z,28.14,43.4,BuildingB_Floor2,TypeC
1050,2025-04-06T09:14:52.000Z,25.12,72.24,BuildingB_Floor1,TypeA
1013,2025-04-06T05:59:39.000Z,23.02,45.76,BuildingA_Floor2,TypeA
1047,2025-04-04T08:13:15.000Z,32.31,31.66,BuildingB_Floor2,TypeA
1075,2025-04-05T21:40:04.000Z,22.64,51.34,BuildingB_Floor1,TypeC
1014,2025-04-03T11:33:47.000Z,27.94,70.17,BuildingB_Floor2,TypeC
1050,2025-04-05T09:28:54.000Z,20.37,34.75,BuildingB_Floor1,TypeC
1087,2025-04-04T15:07:12.000Z,15.88,31.11,BuildingB_Floor1,TypeB
1075,2025-04-07T15:20:03.000Z,18.43,79.34,BuildingA_Floor2,TypeC
1071,2025-04-06T03:51:30.000Z,28.88,37.99,BuildingA_Floor1,TypeA
1007,2025-04-06T01:48:51.000Z,33.25,75.76,BuildingA_Floor1,TypeB
1069,2025-04-03T00:32:09.000Z,19.89,32.78,BuildingB_Floor2,TypeA
1008,2025-04-03T18:04:33.000Z,27.65,38.68,BuildingB_Floor1,TypeC
1092,2025-04-07T04:57:51.000Z,33.9,56.66,BuildingA_Floor2,TypeB
1042,2025-04-05T11:28:37.000Z,23.32,38.43,BuildingA_Floor2,TypeA
1078,2025-04-06T07:18:37.000Z,27.65,61.9,BuildingA_Floor1,TypeA
1073,2025-04-03T17:24:02.000Z,30.6,31.98,BuildingA_Floor2,TypeC
1071,2025-04-07T03:14:46.000Z,26.25,61.42,BuildingB_Floor1,TypeC
1028,2025-04-06T11:29:20.000Z,17.58,74.89,BuildingB_Floor2,TypeA
1019,2025-04-03T10:23:35.000Z,25.84,68.07,BuildingA_Floor2,TypeC
1018,2025-04-03T21:39:45.000Z,24.63,45.91,BuildingA_Floor1,TypeC
1062,2025-04-05T19:39:31.000Z,16.11,55.13,BuildingA_Floor1,TypeB
1037,2025-04-04T09:09:07.000Z,15.01,72.72,BuildingA_Floor1,TypeB
1044,2025-04-03T14:21:29.000Z,16.88,34.18,BuildingB_Floor2,TypeC
1081,2025-04-06T15:07:39.000Z,17.59,52.55,BuildingB_Floor1,TypeC
1039,2025-04-07T05:33:12.000Z,26.33,39.39,BuildingB_Floor1,TypeB
1055,2025-04-04T08:20:08.000Z,17.8,32.25,BuildingB_Floor2,TypeB
1004,2025-04-07T02:26:20.000Z,31.69,67.72,BuildingA_Floor2,TypeB
1084,2025-04-04T20:02:51.000Z,30.93,64.62,BuildingA_Floor1,TypeC
1092,2025-04-07T01:34:58.000Z,22.85,79.82,BuildingA_Floor2,TypeC
1036,2025-04-05T17:53:47.000Z,15.89,75.64,BuildingB_Floor2,TypeC
1071,2025-04-07T12:55:00.000Z,15.7,51.18,BuildingB_Floor1,TypeC
1083,2025-04-06T10:49:37.000Z,20.26,31.5,BuildingA_Floor1,TypeA
1023,2025-04-05T07:39:14.000Z,24.32,79.35,BuildingB_Floor1,TypeA
1032,2025-04-06T04:55:14.000Z,18.81,50.22,BuildingB_Floor1,TypeA
1048,2025-04-05T03:23:58.000Z,32.59,37.09,BuildingA_Floor2,TypeC
1007,2025-04-03T21:41:55.000Z,22.32,56.73,BuildingA_Floor1,TypeC
1000,2025-04-06T12:52:54.000Z,30.88,52.12,BuildingB_Floor2,TypeA
1017,2025-04-07T07:25:53.000Z,34.89,37.42,BuildingB_Floor1,TypeA
1010,2025-04-06T16:25:10.000Z,21.88,72.24,BuildingB_Floor1,TypeB
1024,2025-04-06T14:06:28.000Z,18.79,49.2,BuildingA_Floor2,TypeC
1033,2025-04-03T04:38:33.000Z,18.97,49.34,BuildingB_Floor2,TypeA
1059,2025-04-07T17:16:16.000Z,19.95,53.77,BuildingA_Floor2,TypeC
1090,2025-04-05T02:13:39.000Z,18.03,67.58,BuildingB_Floor1,TypeA
1032,2025-04-06T21:29:57.000Z,20.56,78.73,BuildingA_Floor1,TypeC
1020,2025-04-06T06:10:29.000Z,16.82,74.86,BuildingA_Floor1,TypeC
1081,2025-04-04T05:19:54.000Z,27.06,60.01,BuildingA_Floor2,TypeA
1049,2025-04-05T08:09:10.000Z,28.07,46.46,BuildingA_Floor1,TypeC
1015,2025-04-05T16:02:33.000Z,30.16,40.6,BuildingA_Floor2,TypeB
1029,2025-04-03T11:45:40.000Z,23.71,58.95,BuildingA_Floor2,TypeA
1006,2025-04-04T18:36:29.000Z,33.36,36.67,BuildingA_Floor1,TypeB
1072,2025-04-04T22:18:57.000Z,27.75,43.48,BuildingA_Floor2,TypeA
1001,2025-04-06T09:04:01.000Z,33.25,57.13,BuildingA_Floor1,TypeC
1067,2025-04-04T20:12:30.000Z,34.04,78.99,BuildingB_Floor2,TypeC
1010,2025-04-04T14:30:20.000Z,23.86,67.45,BuildingB_Floor1,TypeC
1069,2025-04-05T02:30:33.000Z,20.92,56.5,BuildingA_Floor1,TypeB
1028,2025-04-06T05:23:41.000Z,21.76,50.73,BuildingB_Floor2,TypeB
1083,2025-04-06T18:32:09.000Z,19.06,67.56,BuildingA_Floor2,TypeC
1031,2025-04-06T02:03:43.000Z,32.89,41.04,BuildingA_Floor2,TypeA
1023,2025-04-05T08:09:39.000Z,24.98,48.11,BuildingA_Floor2,TypeC
1091,2025-04-07T03:45:10.000Z,34.41,56.64,BuildingA_Floor2,TypeB
1092,2025-04-05T07:59:41.000Z,21.73,51.83,BuildingB_Floor2,TypeB
1024,2025-04-03T12:58:33.000Z,20.5,52.19,BuildingA_Floor2,TypeA
1066,2025-04-05T11:53:41.000Z,34.84,42.27,BuildingB_Floor1,TypeB
1051,2025-04-07T12:28:41.000Z,22.14,75.21,BuildingB_Floor2,TypeA
1018,2025-04-04T12:09:40.000Z,25.76,78.63,BuildingA_Floor2,TypeA
1012,2025-04-06T12:40:51.000Z,22.62,67.86,BuildingB_Floor1,TypeC
1056,2025-04-04T19:54:21.000Z,19.61,40.52,BuildingB_Floor2,TypeA
1056,2025-04-02T22:23:27.000Z,27.85,68.06,BuildingA_Floor1,TypeC
1007,2025-04-05T02:06:30.000Z,19.67,32.16,BuildingB_Floor2,TypeC
1092,2025-04-07T17:19:53.000Z,30.43,65.66,BuildingA_Floor2,TypeC
1035,2025-04-05T23:37:39.000Z,33.61,77.88,BuildingB_Floor2,TypeC
1088,2025-04-04T21:45:15.000Z,25.78,49.91,BuildingB_Floor2,TypeA
1013,2025-04-03T17:56:00.000Z,22.55,44.66,BuildingB_Floor1,TypeB
1063,2025-04-03T16:46:46.000Z,27.36,49.78,BuildingB_Floor1,TypeB
1082,2025-04-04T04:24:48.000Z,27.61,56.13,BuildingB_Floor2,TypeA
1071,2025-04-06T12:17:50.000Z,34.12,47.67,BuildingA_Floor2,TypeB
1068,2025-04-07T18:06:36.000Z,27.92,59.0,BuildingA_Floor1,TypeA
1003,2025-04-04T10:45:53.000Z,21.52,55.03,BuildingB_Floor1,TypeB
1030,2025-04-06T09:56:59.000Z,18.22,30.02,BuildingA_Floor2,TypeC
1092,2025-04-05T17:58:18.000Z,28.46,63.27,BuildingB_Floor1,TypeB
1022,2025-04-03T21:17:09.000Z,19.04,49.87,BuildingB_Floor2,TypeB
1083,2025-04-02T22:44:35.000Z,25.42,36.4,BuildingB_Floor2,TypeA
1015,2025-04-05T14:12:49.000Z,26.97,75.48,BuildingA_Floor2,TypeB
1037,2025-04-02T22:22:58.000Z,21.68,69.98,BuildingB_Floor2,TypeA
1023,2025-04-04T05:36:11.000Z,20.99,58.57,BuildingA_Floor2,TypeA
1023,2025-04-04T01:35:49.000Z,18.04,52.5,BuildingA_Floor1,TypeB
1017,2025-04-04T06:36:05.000Z,15.55,64.92,BuildingB_Floor2,TypeB
1094,2025-04-05T21:39:01.000Z,18.82,58.11,BuildingB_Floor1,TypeB
1090,2025-04-06T23:45:05.000Z,33.48,60.3,BuildingA_Floor2,TypeB
1075,2025-04-06T00:11:00.000Z,26.64,55.11,BuildingB_Floor1,TypeB
1087,2025-04-06T06:07:58.000Z,21.41,35.74,BuildingB_Floor2,TypeB
1098,2025-04-04T13:52:35.000Z,31.55,42.14,BuildingB_Floor1,TypeC
1022,2025-04-04T15:12:58.000Z,16.37,72.69,BuildingB_Floor1,TypeB
1062,2025-04-07T11:17:25.000Z,21.08,32.1,BuildingA_Floor2,TypeA
1057,2025-04-04T06:03:36.000Z,24.62,74.75,BuildingA_Floor2,TypeC
1079,2025-04-03T20:28:49.000Z,28.1,36.1,BuildingA_Floor2,TypeB
1096,2025-04-07T14:42:51.000Z,22.33,57.71,BuildingA_Floor1,TypeC
1095,2025-04-05T00:33:23.000Z,20.09,77.75,BuildingA_Floor2,TypeC
1008,2025-04-05T13:37:15.000Z,22.98,50.5,BuildingB_Floor1,TypeB
1090,2025-04-07T14:11:02.000Z,20.28,63.24,BuildingA_Floor1,TypeB
1008,2025-04-04T18:39:18.000Z,27.48,62.55,BuildingA_Floor2,TypeC
1001,2025-04-03T20:26:55.000Z,32.2,46.16,BuildingA_Floor2,TypeB
1031,2025-04-06T00:06:14.000Z,32.72,33.66,BuildingA_Floor2,TypeC
1032,2025-04-03T08:15:41.000Z,22.71,62.05,BuildingA_Floor2,TypeA
1024,2025-04-06T05:20:39.000Z,23.68,36.1,BuildingB_Floor1,TypeB
1064,2025-04-05T06:18:11.000Z,19.36,69.43,BuildingB_Floor1,TypeA
1047,2025-04-06T10:12:50.000Z,26.78,57.0,BuildingA_Floor1,TypeC
1034,2025-04-05T21:19:52.000Z,31.1,71.14,BuildingB_Floor2,TypeC
1038,2025-04-07T04:04:38.000Z,26.25,42.03,BuildingA_Floor1,TypeC
1057,2025-04-07T01:33:02.000Z,20.45,67.93,BuildingA_Floor1,TypeC
1033,2025-04-03T22:52:01.000Z,27.33,50.35,BuildingA_Floor1,TypeB
1023,2025-04-04T05:36:25.000Z,27.89,74.61,BuildingB_Floor1,TypeB
1013,2025-04-04T03:12:43.000Z,19.55,42.82,BuildingB_Floor2,TypeC
1018,2025-04-06T00:10:02.000Z,24.19,77.19,BuildingA_Floor1,TypeA
1092,2025-04-03T00:53:12.000Z,31.59,72.97,BuildingA_Floor2,TypeC
1082,2025-04-05T18:02:36.000Z,19.05,66.72,BuildingA_Floor1,TypeC
1041,2025-04-04T08:10:32.000Z,21.33,79.71,BuildingB_Floor1,TypeB
1000,2025-04-06T16:01:49.000Z,31.77,39.6,BuildingB_Floor2,TypeA
1075,2025-04-06T00:41:21.000Z,17.92,69.41,BuildingB_Floor1,TypeB
1019,2025-04-04T13:24:53.000Z,17.49,64.72,BuildingB_Floor2,TypeA
1007,2025-04-06T14:19:26.000Z,19.94,78.39,BuildingA_Floor1,TypeC
1022,2025-04-05T00:43:00.000Z,23.25,52.24,BuildingB_Floor2,TypeB
1084,2025-04-07T02:39:04.000Z,15.29,44.13,BuildingA_Floor1,TypeB
1077,2025-04-06T19:25:02.000Z,20.19,72.28,BuildingB_Floor1,TypeC
1081,2025-04-05T10:08:17.000Z,18.76,53.44,BuildingB_Floor2,TypeB
1097,2025-04-06T00:34:11.000Z,18.21,57.86,BuildingB_Floor2,TypeC
1056,2025-04-03T23:17:53.000Z,24.77,59.6,BuildingB_Floor1,TypeC
1038,2025-04-06T05:54:27.000Z,24.74,60.0,BuildingA_Floor2,TypeC
1078,2025-04-03T15:30:45.000Z,29.25,67.6,BuildingB_Floor1,TypeC
1002,2025-04-07T02:04:00.000Z,15.57,41.26,BuildingB_Floor2,TypeB
1039,2025-04-04T18:27:49.000Z,29.91,60.45,BuildingA_Floor1,TypeB
1049,2025-04-04T08:11:39.000Z,19.79,50.89,BuildingB_Floor2,TypeC
1089,2025-04-02T20:50:03.000Z,25.37,52.57,BuildingB_Floor2,TypeB
1067,2025-04-04T04:19:01.000Z,26.89,72.39,BuildingB_Floor1,TypeA
1027,2025-04-03T22:00:29.000Z,22.55,67.79,BuildingA_Floor1,TypeA
1093,2025-04-06T22:58:36.000Z,22.14,53.08,BuildingA_Floor1,TypeA
1071,2025-04-05T17:11:44.000Z,30.53,67.73,BuildingB_Floor2,TypeB
1098,2025-04-03T19:14:06.000Z,18.96,74.26,BuildingB_Floor2,TypeB
1018,2025-04-06T06:49:20.000Z,34.34,58.38,BuildingB_Floor2,TypeB
1047,2025-04-07T11:31:38.000Z,31.49,48.94,BuildingB_Floor1,TypeC
1082,2025-04-04T12:06:46.000Z,23.43,31.21,BuildingB_Floor2,TypeC
1059,2025-04-04T12:02:18.000Z,23.16,36.65,BuildingB_Floor1,TypeB
1050,2025-04-02T22:43:47.000Z,29.63,65.08,BuildingA_Floor1,TypeA
1089,2025-04-06T02:15:44.000Z,15.35,72.2,BuildingA_Floor1,TypeA
1063,2025-04-07T03:29:07.000Z,20.4,37.15,BuildingA_Floor2,TypeC
1031,2025-04-07T03:10:14.000Z,31.93,42.8,BuildingB_Floor2,TypeC
1017,2025-04-07T08:03:34.000Z,19.91,58.55,BuildingB_Floor2,TypeB
1100,2025-04-03T12:19:44.000Z,20.9,45.81,BuildingB_Floor1,TypeC
1010,2025-04-02T20:14:22.000Z,25.15,55.79,BuildingB_Floor1,TypeB
1025,2025-04-05T20:02:01.000Z,24.49,76.74,BuildingA_Floor1,TypeA
1069,2025-04-06T10:22:43.000Z,17.84,43.89,BuildingA_Floor2,TypeA
1054,2025-04-03T20:01:02.000Z,26.74,65.33,BuildingA_Floor2,TypeB
1039,2025-04-04T02:33:01.000Z,21.45,74.66,BuildingA_Floor2,TypeA
1062,2025-04-06T13:36:06.000Z,29.13,67.52,BuildingB_Floor2,TypeA
1074,2025-04-03T10:00:24.000Z,26.01,48.38,BuildingA_Floor2,TypeB
1058,2025-04-04T21:38:15.000Z,30.81,56.74,BuildingB_Floor2,TypeA
1028,2025-04-03T11:42:57.000Z,26.14,71.86,BuildingA_Floor1,TypeA
1008,2025-04-05T05:41:51.000Z,15.93,64.56,BuildingB_Floor1,TypeB
1065,2025-04-03T04:41:01.000Z,19.75,74.06,BuildingA_Floor1,TypeA
1088,2025-04-02T21:48:16.000Z,19.09,42.04,BuildingB_Floor2,TypeC
1094,2025-04-04T10:19:38.000Z,34.97,74.43,BuildingA_Floor2,TypeC
1006,2025-04-05T14:44:29.000Z,32.25,55.96,BuildingB_Floor1,TypeC
1041,2025-04-04T05:53:54.000Z,25.06,76.28,BuildingA_Floor1,TypeB
1053,2025-04-02T20:14:53.000Z,32.18,52.67,BuildingB_Floor2,TypeA
1060,2025-04-07T00:43:02.000Z,25.48,69.12,BuildingA_Floor2,TypeB
1051,2025-04-03T00:27:48.000Z,15.39,36.98,BuildingB_Floor1,TypeB
1096,2025-04-03T00:01:05.000Z,16.27,57.57,BuildingA_Floor1,TypeC
1035,2025-04-03T15:26:09.000Z,22.33,75.96,BuildingA_Floor1,TypeA
1041,2025-04-03T07:25:57.000Z,23.94,60.27,BuildingA_Floor2,TypeC
1083,2025-04-06T12:03:28.000Z,18.72,48.08,BuildingB_Floor2,TypeC
1093,2025-04-05T19:31:36.000Z,30.93,57.41,BuildingA_Floor1,TypeA
1013,2025-04-04T09:46:18.000Z,17.34,61.81,BuildingA_Floor1,TypeB
1060,2025-04-05T21:01:13.000Z,18.24,53.85,BuildingB_Floor1,TypeB
1068,2025-04-06T17:41:22.000Z,30.55,32.17,BuildingA_Floor2,TypeB
1091,2025-04-06T14:26:33.000Z,26.96,54.82,BuildingA_Floor2,TypeC
1043,2025-04-03T12:22:39.000Z,17.42,36.36,BuildingB_Floor1,TypeB
1044,2025-04-03T11:50:22.000Z,15.34,66.74,BuildingA_Floor2,TypeB
1039,2025-04-06T19:25:14.000Z,18.79,68.71,BuildingA_Floor2,TypeB
1064,2025-04-04T17:19:05.000Z,28.31,56.92,BuildingA_Floor2,TypeC
1061,2025-04-05T22:11:21.000Z,30.08,51.35,BuildingA_Floor1,TypeB
1015,2025-04-07T05:37:27.000Z,32.3,34.56,BuildingB_Floor2,TypeA
1065,2025-04-07T06:06:32.000Z,32.01,34.77,BuildingB_Floor1,TypeB
1059,2025-04-04T00:35:39.000Z,22.02,74.36,BuildingB_Floor1,TypeA
1000,2025-04-06T21:25:57.000Z,18.02,60.5,BuildingB_Floor2,TypeC
1077,2025-04-05T17:14:21.000Z,24.49,64.59,BuildingB_Floor1,TypeB
1015,2025-04-07T01:46:28.000Z,27.8,77.87,BuildingA_Floor1,TypeC
1087,2025-04-04T23:46:43.000Z,27.52,50.65,BuildingB_Floor1,TypeB
1026,2025-04-06T01:43:08.000Z,29.87,72.53,BuildingA_Floor2,TypeB
1033,2025-04-06T06:00:21.000Z,29.54,74.66,BuildingB_Floor1,TypeC
1029,2025-04-06T12:48:25.000Z,24.8,68.74,BuildingA_Floor2,TypeB
1086,2025-04-07T05:14:50.000Z,29.84,49.9,BuildingA_Floor1,TypeA
1071,2025-04-05T23:33:35.000Z,32.77,45.54,BuildingA_Floor2,TypeA
1019,2025-04-06T12:41:53.000Z,17.45,76.9,BuildingA_Floor2,TypeC
1081,2025-04-03T20:39:38.000Z,31.08,41.02,BuildingB_Floor2,TypeC
1049,2025-04-06T18:03:04.000Z,26.31,35.15,BuildingA_Floor2,TypeC
1098,2025-04-04T19:01:18.000Z,25.89,30.58,BuildingA_Floor1,TypeB
1053,2025-04-06T18:44:48.000Z,23.59,64.62,BuildingA_Floor1,TypeA
1095,2025-04-03T19:50:44.000Z,26.38,34.5,BuildingB_Floor2,TypeC
1002,2025-04-07T00:06:49.000Z,18.92,49.49,BuildingB_Floor2,TypeA
1039,2025-04-03T10:17:40.000Z,25.96,32.3,BuildingA_Floor2,TypeA
1066,2025-04-07T14:35:30.000Z,20.34,45.25,BuildingA_Floor1,TypeC
1078,2025-04-05T02:16:48.000Z,23.95,73.28,BuildingB_Floor2,TypeA
1057,2025-04-04T02:30:58.000Z,28.67,72.95,BuildingB_Floor2,TypeC
1052,2025-04-04T18:18:02.000Z,26.96,73.87,BuildingB_Floor1,TypeC
1066,2025-04-05T22:01:45.000Z,15.14,41.5,BuildingA_Floor2,TypeA
1078,2025-04-04T16:23:35.000Z,33.58,46.3,BuildingA_Floor1,TypeA
1070,2025-04-07T05:50:01.000Z,20.39,40.74,BuildingA_Floor2,TypeC
1092,2025-04-03T12:36:56.000Z,18.22,51.01,BuildingA_Floor2,TypeA
1099,2025-04-06T11:44:52.000Z,31.11,64.46,BuildingB_Floor1,TypeA
1045,2025-04-04T01:05:56.000Z,18.18,64.11,BuildingA_Floor1,TypeC
1026,2025-04-05T20:01:06.000Z,25.72,37.84,BuildingA_Floor2,TypeA
1099,2025-04-07T14:27:13.000Z,33.62,53.85,BuildingA_Floor2,TypeC
1016,2025-04-02T22:57:57.000Z,21.69,30.17,BuildingB_Floor2,TypeA
1067,2025-04-03T17:42:12.000Z,27.42,36.82,BuildingA_Floor1,TypeB
1050,2025-04-04T03:21:23.000Z,32.93,67.43,BuildingB_Floor2,TypeB
1083,2025-04-04T21:37:38.000Z,31.26,58.72,BuildingB_Floor2,TypeC
1037,2025-04-05T15:26:10.000Z,34.95,45.35,BuildingB_Floor2,TypeA
1015,2025-04-05T15:59:14.000Z,23.77,33.39,BuildingA_Floor1,TypeA
1056,2025-04-04T20:13:38.000Z,16.61,48.72,BuildingA_Floor1,TypeB
1087,2025-04-02T20:34:50.000Z,17.24,79.8,BuildingA_Floor2,TypeA
1092,2025-04-03T08:04:48.000Z,32.39,32.68,BuildingB_Floor1,TypeC
1059,2025-04-04T09:18:57.000Z,29.46,67.94,BuildingB_Floor1,TypeC
1024,2025-04-05T05:03:07.000Z,27.61,54.42,BuildingA_Floor2,TypeC
1038,2025-04-02T20:01:14.000Z,30.38,76.77,BuildingB_Floor2,TypeB
1058,2025-04-04T07:04:16.000Z,17.17,50.75,BuildingA_Floor1,TypeB
1016,2025-04-06T22:49:14.000Z,19.62,52.41,BuildingB_Floor1,TypeB
1071,2025-04-02T22:45:16.000Z,27.98,70.31,BuildingB_Floor1,TypeB
1096,2025-04-04T07:43:58.000Z,18.2,42.7,BuildingB_Floor2,TypeA
1075,2025-04-04T22:18:05.000Z,15.69,35.96,BuildingB_Floor1,TypeB
1086,2025-04-06T12:54:16.000Z,23.61,48.34,BuildingA_Floor1,TypeB
1058,2025-04-03T22:07:39.000Z,17.63,63.13,BuildingB_Floor1,TypeB
1009,2025-04-04T08:51:26.000Z,19.43,77.84,BuildingA_Floor1,TypeA
1040,2025-04-07T18:31:06.000Z,24.42,63.34,BuildingB_Floor2,TypeB
1066,2025-04-03T03:43:43.000Z,19.78,30.28,BuildingB_Floor2,TypeB
1008,2025-04-05T10:42:14.000Z,32.26,64.74,BuildingB_Floor2,TypeB
1087,2025-04-07T13:00:39.000Z,16.0,42.85,BuildingB_Floor1,TypeC
1019,2025-04-05T15:02:34.000Z,33.63,56.3,BuildingB_Floor2,TypeC
1095,2025-04-05T17:19:14.000Z,22.09,43.31,BuildingB_Floor1,TypeC
1049,2025-04-05T04:50:16.000Z,15.63,61.5,BuildingA_Floor1,TypeC
1018,2025-04-07T07:09:14.000Z,34.15,51.62,BuildingB_Floor1,TypeC
1036,2025-04-06T10:00:51.000Z,33.54,45.45,BuildingB_Floor2,TypeC
1080,2025-04-06T07:01:23.000Z,32.79,72.86,BuildingA_Floor1,TypeB
1008,2025-04-05T20:51:19.000Z,20.71,73.93,BuildingA_Floor1,TypeB
1042,2025-04-03T20:26:22.000Z,20.4,75.84,BuildingB_Floor2,TypeB
1024,2025-04-04T00:55:08.000Z,18.8,31.57,BuildingB_Floor1,TypeA
1028,2025-04-05T07:24:19.000Z,15.73,73.96,BuildingA_Floor2,TypeC
1020,2025-04-07T04:14:56.000Z,23.73,32.97,BuildingB_Floor1,TypeA
1095,2025-04-06T07:06:29.000Z,31.87,71.2,BuildingB_Floor2,TypeA
1090,2025-04-03T23:59:28.000Z,26.98,50.93,BuildingB_Floor2,TypeB
1097,2025-04-03T15:54:50.000Z,30.68,60.96,BuildingB_Floor2,TypeB
1092,2025-04-02T20:00:15.000Z,20.16,52.91,BuildingA_Floor2,TypeA
1020,2025-04-04T23:55:18.000Z,25.18,38.86,BuildingA_Floor1,TypeA
1033,2025-04-04T15:48:27.000Z,18.01,79.81,BuildingA_Floor1,TypeB
1085,2025-04-07T14:58:35.000Z,19.94,58.41,BuildingB_Floor2,TypeC
1018,2025-04-07T10:02:40.000Z,22.69,53.12,BuildingA_Floor2,TypeB
1016,2025-04-05T14:57:56.000Z,23.01,73.73,BuildingA_Floor2,TypeC
1033,2025-04-03T06:45:53.000Z,20.73,54.36,BuildingA_Floor2,TypeB
1073,2025-04-06T07:46:21.000Z,17.74,72.68,BuildingA_Floor1,TypeA
1047,2025-04-07T09:36:00.000Z,18.75,67.41,BuildingB_Floor2,TypeC
1073,2025-04-02T19:21:38.000Z,28.88,55.14,BuildingA_Floor1,TypeC
1082,2025-04-06T14:37:22.000Z,19.27,49.15,BuildingB_Floor1,TypeC
1098,2025-04-04T23:32:04.000Z,26.84,79.65,BuildingB_Floor2,TypeB
1003,2025-04-07T11:03:36.000Z,30.63,79.07,BuildingA_Floor1,TypeA
1006,2025-04-03T04:18:17.000Z,20.93,72.05,BuildingA_Floor2,TypeA
1018,2025-04-04T00:49:59.000Z,24.36,58.72,BuildingB_Floor1,TypeA
1019,2025-04-05T08:23:38.000Z,22.55,47.21,BuildingA_Floor1,TypeA
1029,2025-04-06T10:26:52.000Z,29.65,65.34,BuildingA_Floor2,TypeC
1052,2025-04-04T04:47:25.000Z,27.91,52.44,BuildingB_Floor2,TypeA
1027,2025-04-04T01:36:41.000Z,30.05,59.28,BuildingB_Floor2,TypeC
1081,2025-04-03T14:45:01.000Z,19.79,78.24,BuildingB_Floor1,TypeA
1000,2025-04-04T16:04:06.000Z,23.89,66.75,BuildingB_Floor1,TypeC
1099,2025-04-03T23:44:54.000Z,29.62,52.56,BuildingB_Floor2,TypeC
1034,2025-04-06T01:08:25.000Z,24.36,63.93,BuildingB_Floor2,TypeC
1025,2025-04-07T06:10:26.000Z,26.74,53.82,BuildingA_Floor1,TypeC
1032,2025-04-03T12:20:15.000Z,26.02,79.0,BuildingB_Floor1,TypeB
1008,2025-04-06T06:37:08.000Z,23.71,59.73,BuildingB_Floor2,TypeA
1088,2025-04-07T15:59:22.000Z,30.33,75.91,BuildingA_Floor2,TypeC
1065,2025-04-05T02:59:15.000Z,18.83,68.67,BuildingA_Floor1,TypeC
1021,2025-04-03T17:08:23.000Z,24.64,34.02,BuildingB_Floor1,TypeC
1045,2025-04-07T16:37:49.000Z,27.54,74.77,BuildingB_Floor1,TypeB
1069,2025-04-07T18:05:37.000Z,34.93,56.42,BuildingB_Floor2,TypeC
1084,2025-04-07T11:27:08.000Z,22.49,77.44,BuildingA_Floor2,TypeA
1035,2025-04-07T08:15:36.000Z,23.66,57.54,BuildingA_Floor1,TypeA
1039,2025-04-07T03:34:16.000Z,21.5,74.55,BuildingA_Floor1,TypeB
1033,2025-04-06T21:48:26.000Z,23.02,55.81,BuildingB_Floor1,TypeB
1065,2025-04-03T06:19:17.000Z,31.88,67.62,BuildingA_Floor2,TypeB
1088,2025-04-03T16:35:15.000Z,15.08,74.94,BuildingB_Floor1,TypeB
1068,2025-04-04T10:17:07.000Z,20.67,50.61,BuildingA_Floor1,TypeC
1092,2025-04-05T06:21:01.000Z,24.49,35.7,BuildingB_Floor1,TypeA
1074,2025-04-05T04:20:30.000Z,18.65,48.84,BuildingA_Floor1,TypeA
1005,2025-04-07T01:10:04.000Z,19.13,39.49,BuildingA_Floor2,TypeA
1027,2025-04-04T15:41:31.000Z,28.7,31.54,BuildingB_Floor2,TypeA
1017,2025-04-04T13:47:08.000Z,30.16,75.94,BuildingB_Floor2,TypeA
1070,2025-04-05T09:34:40.000Z,17.52,64.15,BuildingA_Floor1,TypeA
1028,2025-04-04T16:20:53.000Z,15.08,45.54,BuildingB_Floor1,TypeC
1004,2025-04-05T06:12:49.000Z,16.26,72.42,BuildingB_Floor1,TypeB
1067,2025-04-03T09:15:25.000Z,15.01,71.21,BuildingB_Floor2,TypeC
1004,2025-04-07T14:35:46.000Z,16.9,78.51,BuildingB_Floor1,TypeC
1046,2025-04-02T21:57:20.000Z,16.66,41.98,BuildingB_Floor2,TypeC
1062,2025-04-04T19:56:27.000Z,16.73,45.27,BuildingB_Floor2,TypeB
1096,2025-04-06T12:28:34.000Z,34.24,64.53,BuildingA_Floor1,TypeC
1068,2025-04-07T09:55:50.000Z,24.08,63.64,BuildingB_Floor2,TypeB
1025,2025-04-06T11:40:01.000Z,27.23,38.89,BuildingA_Floor1,TypeA
1065,2025-04-03T19:19:56.000Z,29.64,54.18,BuildingB_Floor2,TypeB
1024,2025-04-04T14:55:02.000Z,20.99,60.52,BuildingA_Floor1,TypeA
1044,2025-04-03T21:41:50.000Z,34.8,51.3,BuildingA_Floor1,TypeA
1069,2025-04-05T03:39:31.000Z,24.17,42.91,BuildingB_Floor1,TypeC
1015,2025-04-04T19:24:33.000Z,31.99,58.58,BuildingB_Floor2,TypeC
1079,2025-04-06T08:18:51.000Z,19.65,61.86,BuildingA_Floor1,TypeC
1030,2025-04-07T16:31:58.000Z,18.7,64.56,BuildingB_Floor2,TypeC
1065,2025-04-07T15:43:27.000Z,32.56,49.72,BuildingB_Floor2,TypeB
1043,2025-04-02T20:50:42.000Z,20.37,50.72,BuildingA_Floor1,TypeB
1081,2025-04-04T22:42:55.000Z,29.73,79.72,BuildingA_Floor1,TypeB
1097,2025-04-04T21:02:41.000Z,32.3,42.1,BuildingB_Floor1,TypeA
1012,2025-04-07T09:26:07.000Z,17.5,66.9,BuildingA_Floor1,TypeA
1016,2025-04-06T20:37:49.000Z,29.25,63.96,BuildingB_Floor1,TypeC
1096,2025-04-05T14:44:40.000Z,17.67,75.17,BuildingA_Floor1,TypeC
1023,2025-04-04T17:58:52.000Z,22.5,51.67,BuildingA_Floor1,TypeA
1050,2025-04-03T19:57:10.000Z,25.03,66.98,BuildingB_Floor2,TypeC
1034,2025-04-05T19:08:09.000Z,25.76,68.41,BuildingB_Floor1,TypeB
1029,2025-04-07T05:43:49.000Z,33.6,44.5,BuildingB_Floor2,TypeA
1090,2025-04-04T14:18:30.000Z,29.49,35.05,BuildingA_Floor2,TypeB
1081,2025-04-05T16:23:45.000Z,25.14,48.07,BuildingA_Floor2,TypeC
1067,2025-04-04T05:57:05.000Z,25.28,71.79,BuildingB_Floor1,TypeC
1077,2025-04-03T16:37:09.000Z,32.74,37.91,BuildingA_Floor2,TypeA
1005,2025-04-03T18:30:06.000Z,26.76,54.05,BuildingB_Floor2,TypeA
1047,2025-04-06T03:22:27.000Z,16.3,65.21,BuildingB_Floor1,TypeC
1024,2025-04-03T17:10:43.000Z,24.65,78.06,BuildingB_Floor2,TypeA
1027,2025-04-06T16:38:51.000Z,17.81,61.56,BuildingA_Floor2,TypeA
1000,2025-04-05T21:32:10.000Z,29.17,65.68,BuildingB_Floor2,TypeA
1004,2025-04-04T01:27:29.000Z,25.3,57.73,BuildingB_Floor1,TypeA
1009,2025-04-05T00:02:45.000Z,26.8,77.54,BuildingB_Floor2,TypeC
1077,2025-04-05T15:05:52.000Z,19.97,76.42,BuildingA_Floor1,TypeA
1085,2025-04-04T07:43:20.000Z,26.22,79.79,BuildingB_Floor1,TypeC
1022,2025-04-04T11:26:00.000Z,30.21,54.07,BuildingB_Floor1,TypeB
1063,2025-04-02T22:03:26.000Z,32.71,73.9,BuildingA_Floor2,TypeA
1061,2025-04-07T02:29:39.000Z,26.63,30.13,BuildingB_Floor2,TypeC
1022,2025-04-05T20:14:39.000Z,20.76,70.31,BuildingA_Floor1,TypeC
1059,2025-04-04T12:08:29.000Z,17.79,76.38,BuildingB_Floor2,TypeC
1037,2025-04-06T03:42:36.000Z,23.83,34.38,BuildingB_Floor2,TypeA
1044,2025-04-03T00:05:16.000Z,34.43,65.76,BuildingA_Floor1,TypeC
1008,2025-04-06T10:00:39.000Z,20.98,68.62,BuildingB_Floor2,TypeA
1055,2025-04-03T17:43:18.000Z,31.43,40.94,BuildingA_Floor2,TypeB
1037,2025-04-03T05:29:39.000Z,34.35,54.1,BuildingB_Floor1,TypeC
1038,2025-04-03T08:20:48.000Z,26.35,67.28,BuildingB_Floor2,TypeC
1040,2025-04-05T08:10:44.000Z,26.24,76.71,BuildingA_Floor2,TypeC
1059,2025-04-06T22:30:46.000Z,29.92,78.68,BuildingA_Floor1,TypeA
1047,2025-04-02T22:28:31.000Z,34.96,76.85,BuildingA_Floor2,TypeA
1052,2025-04-06T15:10:27.000Z,17.15,75.4,BuildingA_Floor1,TypeB
1097,2025-04-03T10:20:04.000Z,20.51,33.65,BuildingB_Floor1,TypeB
1090,2025-04-04T14:46:23.000Z,17.21,43.74,BuildingA_Floor1,TypeB
1050,2025-04-06T11:14:11.000Z,20.44,69.15,BuildingA_Floor1,TypeA
1015,2025-04-06T03:33:49.000Z,17.94,52.09,BuildingA_Floor2,TypeB
1000,2025-04-03T22:27:00.000Z,33.68,78.47,BuildingA_Floor2,TypeA
1044,2025-04-07T16:53:19.000Z,34.14,64.5,BuildingB_Floor1,TypeC
1010,2025-04-04T00:31:49.000Z,21.8,45.05,BuildingA_Floor2,TypeA
1014,2025-04-04T09:33:58.000Z,28.16,47.35,BuildingB_Floor1,TypeA
1059,2025-04-05T09:48:36.000Z,29.28,44.63,BuildingB_Floor1,TypeA
1076,2025-04-04T17:46:37.000Z,29.94,41.9,BuildingB_Floor2,TypeA
1074,2025-04-07T11:37:45.000Z,21.98,48.13,BuildingB_Floor1,TypeC
1048,2025-04-07T14:33:54.000Z,19.23,35.59,BuildingA_Floor1,TypeB
1092,2025-04-03T03:17:49.000Z,29.46,60.24,BuildingB_Floor1,TypeC
1090,2025-04-03T19:38:21.000Z,33.26,74.73,BuildingA_Floor2,TypeC
1095,2025-04-03T17:13:47.000Z,22.0,38.2,BuildingB_Floor1,TypeB
1016,2025-04-03T05:25:30.000Z,15.22,66.53,BuildingA_Floor2,TypeC
1040,2025-04-05T04:02:18.000Z,15.96,67.12,BuildingB_Floor2,TypeC
1056,2025-04-04T06:08:53.000Z,25.74,39.93,BuildingA_Floor1,TypeB
1006,2025-04-06T22:55:53.000Z,33.23,49.26,BuildingB_Floor2,TypeB
1065,2025-04-05T02:14:54.000Z,18.99,55.79,BuildingA_Floor2,TypeA
1039,2025-04-03T06:53:31.000Z,32.23,56.41,BuildingB_Floor2,TypeA
1017,2025-04-03T17:32:11.000Z,16.6,59.99,BuildingA_Floor2,TypeB
1035,2025-04-06T23:25:27.000Z,28.09,33.33,BuildingB_Floor1,TypeB
1024,2025-04-05T15:17:40.000Z,22.93,44.88,BuildingA_Floor1,TypeB
1096,2025-04-07T02:20:49.000Z,20.05,52.88,BuildingA_Floor2,TypeA
1065,2025-04-06T12:38:37.000Z,26.0,57.96,BuildingB_Floor1,TypeC
1014,2025-04-04T16:29:49.000Z,24.09,40.52,BuildingB_Floor1,TypeC
1014,2025-04-02T21:51:28.000Z,23.25,52.37,BuildingA_Floor2,TypeC
1067,2025-04-06T23:50:04.000Z,25.8,37.05,BuildingB_Floor1,TypeC
1032,2025-04-03T16:42:42.000Z,30.05,64.22,BuildingB_Floor1,TypeB
1039,2025-04-04T02:09:52.000Z,31.53,52.35,BuildingA_Floor2,TypeC
1013,2025-04-05T11:14:57.000Z,26.92,68.3,BuildingB_Floor2,TypeB
1083,2025-04-03T19:21:57.000Z,28.43,79.18,BuildingB_Floor2,TypeC
1052,2025-04-05T17:01:08.000Z,32.33,31.6,BuildingA_Floor1,TypeC
1071,2025-04-07T00:01:52.000Z,22.58,30.38,BuildingB_Floor1,TypeA
1016,2025-04-07T10:37:53.000Z,27.93,52.73,BuildingA_Floor2,TypeA
1015,2025-04-03T12:46:26.000Z,16.11,45.24,BuildingA_Floor2,TypeB
1099,2025-04-06T04:51:23.000Z,32.11,51.74,BuildingB_Floor2,TypeB
1002,2025-04-05T17:17:29.000Z,20.53,54.2,BuildingB_Floor1,TypeB
1053,2025-04-06T18:28:18.000Z,33.67,52.69,BuildingA_Floor2,TypeC
1003,2025-04-07T17:12:24.000Z,22.1,76.9,BuildingB_Floor1,TypeB
1005,2025-04-03T00:21:41.000Z,28.82,75.79,BuildingA_Floor1,TypeC
1058,2025-04-03T21:58:21.000Z,20.6,71.64,BuildingB_Floor1,TypeA
1088,2025-04-06T03:21:12.000Z,31.57,54.71,BuildingA_Floor1,TypeC
1055,2025-04-07T08:57:05.000Z,25.47,33.31,BuildingB_Floor1,TypeA
1066,2025-04-06T13:26:26.000Z,26.78,53.43,BuildingA_Floor1,TypeB
1051,2025-04-04T04:07:29.000Z,24.57,41.46,BuildingA_Floor2,TypeB
1080,2025-04-05T20:07:32.000Z,18.78,38.07,BuildingA_Floor2,TypeB
1003,2025-04-06T09:42:40.000Z,20.74,34.08,BuildingB_Floor2,TypeC
1018,2025-04-05T17:28:41.000Z,29.69,42.5,BuildingB_Floor2,TypeC
1054,2025-04-02T20:52:31.000Z,31.94,63.26,BuildingB_Floor2,TypeC
1015,2025-04-03T07:59:46.000Z,29.95,48.64,BuildingB_Floor1,TypeA
1010,2025-04-04T02:47:52.000Z,32.31,56.27,BuildingB_Floor2,TypeC
1084,2025-04-06T20:29:40.000Z,15.4,44.72,BuildingA_Floor2,TypeB
1014,2025-04-04T07:09:50.000Z,16.2,55.12,BuildingA_Floor1,TypeC
1030,2025-04-05T08:13:27.000Z,28.2,62.89,BuildingA_Floor2,TypeC
1070,2025-04-06T03:45:40.000Z,33.6,79.59,BuildingB_Floor2,TypeA
1037,2025-04-06T07:07:55.000Z,23.62,79.2,BuildingA_Floor1,TypeB
1007,2025-04-07T05:34:03.000Z,18.3,56.37,BuildingB_Floor2,TypeA
1040,2025-04-05T17:49:09.000Z,17.91,41.54,BuildingB_Floor2,TypeB
1054,2025-04-07T06:16:06.000Z,27.9,45.16,BuildingB_Floor2,TypeA
1003,2025-04-06T18:09:56.000Z,31.88,72.5,BuildingA_Floor2,TypeB
1093,2025-04-03T14:02:11.000Z,18.87,70.8,BuildingA_Floor2,TypeB
1034,2025-04-07T16:38:26.000Z,30.62,56.72,BuildingA_Floor1,TypeC
1025,2025-04-06T16:30:20.000Z,31.59,54.92,BuildingA_Floor1,TypeA
1084,2025-04-05T05:28:39.000Z,17.13,62.52,BuildingA_Floor1,TypeA
1075,2025-04-02T22:39:36.000Z,29.41,36.65,BuildingA_Floor2,TypeC
1096,2025-04-06T04:49:38.000Z,29.36,70.24,BuildingA_Floor2,TypeA
1027,2025-04-07T04:53:27.000Z,25.01,50.0,BuildingB_Floor2,TypeA
1086,2025-04-06T08:44:53.000Z,33.26,45.93,BuildingA_Floor1,TypeA
1034,2025-04-06T07:49:42.000Z,27.69,75.52,BuildingA_Floor1,TypeA
1036,2025-04-04T01:03:33.000Z,15.24,62.37,BuildingB_Floor2,TypeB
1093,2025-04-05T09:34:29.000Z,23.76,75.53,BuildingA_Floor1,TypeB
1059,2025-04-02T19:43:47.000Z,21.88,48.95,BuildingA_Floor2,TypeC
1045,2025-04-06T01:39:13.000Z,27.68,55.19,BuildingA_Floor1,TypeC
1055,2025-04-03T23:35:59.000Z,16.31,66.03,BuildingB_Floor2,TypeA
1026,2025-04-03T04:11:40.000Z,16.61,31.37,BuildingA_Floor1,TypeC
1061,2025-04-05T16:08:28.000Z,15.27,41.12,BuildingA_Floor2,TypeB
1052,2025-04-05T07:54:19.000Z,33.41,58.95,BuildingB_Floor2,TypeB
1010,2025-04-06T03:24:58.000Z,28.48,76.3,BuildingA_Floor1,TypeA
1030,2025-04-03T03:00:56.000Z,24.68,35.39,BuildingA_Floor1,TypeA
1017,2025-04-04T12:41:58.000Z,17.78,47.17,BuildingB_Floor1,TypeC
1085,2025-04-06T17:00:39.000Z,28.59,55.66,BuildingB_Floor1,TypeB
1057,2025-04-03T13:20:47.000Z,16.97,69.03,BuildingA_Floor1,TypeC
1038,2025-04-07T17:37:27.000Z,28.57,63.45,BuildingB_Floor1,TypeA
1015,2025-04-04T05:17:00.000Z,30.08,79.35,BuildingA_Floor1,TypeA
1012,2025-04-04T11:26:59.000Z,22.99,55.83,BuildingB_Floor1,TypeA
1073,2025-04-04T18:17:55.000Z,15.9,62.97,BuildingA_Floor1,TypeC
1081,2025-04-02T23:20:20.000Z,34.82,39.63,BuildingB_Floor2,TypeB
1090,2025-04-07T02:16:58.000Z,25.34,55.23,BuildingA_Floor2,TypeA
1071,2025-04-03T09:19:07.000Z,20.25,30.19,BuildingB_Floor2,TypeA
1006,2025-04-02T23:49:34.000Z,26.21,67.62,BuildingA_Floor1,TypeA
1090,2025-04-04T05:41:18.000Z,18.5,33.42,BuildingB_Floor2,TypeC
1037,2025-04-07T11:04:50.000Z,33.81,65.17,BuildingB_Floor2,TypeA
1054,2025-04-05T03:42:38.000Z,18.4,47.56,BuildingA_Floor2,TypeC
1076,2025-04-05T22:34:43.000Z,22.11,45.69,BuildingB_Floor2,TypeB
1017,2025-04-05T04:44:40.000Z,32.82,42.43,BuildingA_Floor2,TypeB
1080,2025-04-04T04:49:07.000Z,24.4,65.3,BuildingA_Floor2,TypeB
1024,2025-04-07T05:50:41.000Z,29.28,38.78,BuildingA_Floor2,TypeA
1022,2025-04-06T13:30:50.000Z,23.74,42.76,BuildingB_Floor1,TypeB
1029,2025-04-06T23:38:39.000Z,15.15,45.93,BuildingA_Floor1,TypeB
1002,2025-04-04T08:58:34.000Z,34.53,32.15,BuildingB_Floor2,TypeB
1022,2025-04-07T00:49:11.000Z,23.49,43.07,BuildingB_Floor1,TypeB
1090,2025-04-03T01:47:33.000Z,25.27,72.58,BuildingA_Floor1,TypeB
1098,2025-04-05T01:26:08.000Z,33.24,72.64,BuildingB_Floor2,TypeB
1081,2025-04-02T20:24:39.000Z,16.77,33.92,BuildingA_Floor1,TypeB
1081,2025-04-06T00:45:21.000Z,15.8,40.14,BuildingA_Floor2,TypeA
1005,2025-04-02T21:25:02.000Z,20.41,79.29,BuildingA_Floor1,TypeA
1044,2025-04-04T00:35:09.000Z,15.32,37.88,BuildingB_Floor1,TypeA
1075,2025-04-03T13:12:36.000Z,22.67,31.41,BuildingA_Floor2,TypeB
1035,2025-04-05T02:01:20.000Z,21.62,38.54,BuildingB_Floor1,TypeA
1078,2025-04-07T17:19:52.000Z,20.12,49.73,BuildingB_Floor1,TypeB
1016,2025-04-05T00:02:30.000Z,20.37,36.91,BuildingA_Floor1,TypeB
1058,2025-04-06T14:51:19.000Z,25.75,41.81,BuildingB_Floor1,TypeC
1016,2025-04-06T17:11:39.000Z,32.79,62.01,BuildingA_Floor2,TypeB
1067,2025-04-06T02:20:28.000Z,28.68,38.48,BuildingA_Floor2,TypeA
1038,2025-04-03T03:12:54.000Z,21.27,70.43,BuildingB_Floor1,TypeC
1051,2025-04-05T06:47:44.000Z,16.76,67.64,BuildingA_Floor2,TypeA
1020,2025-04-03T17:49:26.000Z,33.93,40.13,BuildingB_Floor2,TypeC
1072,2025-04-05T02:03:08.000Z,24.2,43.09,BuildingA_Floor1,TypeC
1099,2025-04-04T02:30:05.000Z,27.67,41.62,BuildingA_Floor1,TypeB
1018,2025-04-03T17:25:58.000Z,31.46,51.09,BuildingA_Floor2,TypeA
1018,2025-04-05T00:56:49.000Z,16.83,68.24,BuildingB_Floor1,TypeB
1050,2025-04-06T13:53:32.000Z,25.77,41.78,BuildingA_Floor2,TypeA
1030,2025-04-03T15:04:23.000Z,34.54,37.33,BuildingB_Floor2,TypeB
1030,2025-04-05T06:34:22.000Z,16.22,72.2,BuildingA_Floor2,TypeA
1092,2025-04-05T16:00:49.000Z,34.44,79.59,BuildingA_Floor2,TypeC
1003,2025-04-06T05:12:48.000Z,15.64,40.57,BuildingA_Floor2,TypeA
1050,2025-04-04T05:29:42.000Z,25.4,55.67,BuildingA_Floor2,TypeC
1055,2025-04-04T16:24:25.000Z,15.98,41.94,BuildingA_Floor2,TypeB
1089,2025-04-02T20:15:55.000Z,22.53,50.47,BuildingA_Floor2,TypeC
1011,2025-04-03T13:43:02.000Z,33.44,76.87,BuildingA_Floor2,TypeB
1006,2025-04-04T02:54:04.000Z,26.76,79.28,BuildingB_Floor2,TypeC
1084,2025-04-03T18:55:35.000Z,32.8,69.74,BuildingB_Floor1,TypeA
1053,2025-04-04T08:36:52.000Z,16.06,33.74,BuildingB_Floor2,TypeB
1008,2025-04-03T14:08:21.000Z,31.57,62.29,BuildingA_Floor2,TypeC
1031,2025-04-06T09:07:42.000Z,22.19,43.71,BuildingA_Floor2,TypeA
1022,2025-04-07T12:12:10.000Z,25.77,69.84,BuildingA_Floor2,TypeC
1028,2025-04-03T17:01:36.000Z,25.83,48.89,BuildingB_Floor1,TypeC
1083,2025-04-07T06:38:24.000Z,23.38,30.82,BuildingB_Floor1,TypeB
1084,2025-04-06T08:35:00.000Z,16.6,33.41,BuildingB_Floor2,TypeA
1028,2025-04-04T15:55:37.000Z,28.53,50.99,BuildingA_Floor1,TypeA
1032,2025-04-06T01:22:29.000Z,16.95,51.17,BuildingA_Floor1,TypeB
1095,2025-04-07T16:57:58.000Z,15.31,50.04,BuildingB_Floor2,TypeC
1004,2025-04-05T04:43:56.000Z,23.81,62.21,BuildingB_Floor2,TypeA
1099,2025-04-05T20:11:28.000Z,31.7,62.23,BuildingB_Floor2,TypeC
1009,2025-04-06T13:38:31.000Z,33.11,49.39,BuildingA_Floor1,TypeC
1057,2025-04-04T01:08:29.000Z,27.71,45.26,BuildingA_Floor1,TypeC
1097,2025-04-05T14:56:40.000Z,34.35,57.78,BuildingA_Floor2,TypeB
1019,2025-04-04T17:04:51.000Z,24.77,39.73,BuildingA_Floor2,TypeA
1076,2025-04-07T17:56:54.000Z,24.67,77.83,BuildingA_Floor1,TypeB
1027,2025-04-03T21:22:36.000Z,18.52,30.4,BuildingB_Floor1,TypeB
1100,2025-04-03T02:32:14.000Z,17.85,45.79,BuildingB_Floor1,TypeB
1043,2025-04-03T08:07:13.000Z,19.89,54.3,BuildingB_Floor1,TypeB
1038,2025-04-02T20:07:02.000Z,23.32,46.98,BuildingB_Floor2,TypeB
1029,2025-04-04T20:17:59.000Z,33.22,62.72,BuildingB_Floor2,TypeB
1046,2025-04-03T20:39:27.000Z,33.06,72.44,BuildingA_Floor1,TypeA
1059,2025-04-06T10:19:35.000Z,26.31,50.0,BuildingB_Floor2,TypeB
1062,2025-04-04T05:35:01.000Z,20.08,36.61,BuildingA_Floor2,TypeC
1097,2025-04-05T00:50:22.000Z,18.16,32.41,BuildingB_Floor1,TypeB
1001,2025-04-06T02:05:15.000Z,31.99,39.37,BuildingA_Floor2,TypeC
1053,2025-04-03T17:12:27.000Z,20.7,73.42,BuildingB_Floor1,TypeB
1048,2025-04-06T17:14:16.000Z,26.42,55.97,BuildingA_Floor1,TypeB
1010,2025-04-06T04:46:31.000Z,28.38,70.57,BuildingA_Floor1,TypeB
1061,2025-04-04T17:26:39.000Z,31.39,46.65,BuildingA_Floor2,TypeB
1037,2025-04-04T05:54:53.000Z,27.71,53.89,BuildingA_Floor2,TypeA
1015,2025-04-06T06:47:10.000Z,27.51,76.83,BuildingA_Floor2,TypeB
1014,2025-04-07T07:34:50.000Z,17.08,32.61,BuildingA_Floor1,TypeB
1087,2025-04-07T09:00:39.000Z,18.26,36.15,BuildingA_Floor2,TypeC
1055,2025-04-06T17:52:41.000Z,31.19,60.2,BuildingA_Floor1,TypeA
1028,2025-04-05T17:43:56.000Z,26.45,65.39,BuildingB_Floor1,TypeC
1006,2025-04-02T19:13:12.000Z,28.61,47.55,BuildingA_Floor1,TypeB
1046,2025-04-05T17:35:51.000Z,20.29,74.4,BuildingA_Floor1,TypeC
1098,2025-04-03T06:39:36.000Z,18.19,77.02,BuildingA_Floor1,TypeC
1042,2025-04-04T16:10:32.000Z,23.71,54.05,BuildingB_Floor2,TypeA
1082,2025-04-05T07:39:15.000Z,34.34,62.46,BuildingA_Floor2,TypeC
1015,2025-04-04T11:13:36.000Z,30.97,37.05,BuildingA_Floor2,TypeA
1019,2025-04-05T12:24:12.000Z,17.35,47.44,BuildingA_Floor1,TypeB
1050,2025-04-06T07:20:59.000Z,27.74,33.71,BuildingB_Floor1,TypeA
1028,2025-04-06T14:06:28.000Z,22.53,51.62,BuildingB_Floor1,TypeA
1043,2025-04-06T04:33:27.000Z,20.98,35.36,BuildingB_Floor1,TypeA
1008,2025-04-04T23:54:07.000Z,33.45,63.26,BuildingB_Floor1,TypeC
1004,2025-04-07T02:07:07.000Z,29.33,42.6,BuildingB_Floor1,TypeC
1007,2025-04-04T17:14:36.000Z,18.42,56.35,BuildingA_Floor2,TypeC
1061,2025-04-07T02:41:48.000Z,16.62,75.11,BuildingB_Floor1,TypeC
1069,2025-04-06T17:35:48.000Z,18.45,75.51,BuildingB_Floor2,TypeC
1005,2025-04-07T17:27:26.000Z,23.76,78.45,BuildingA_Floor1,TypeC
1003,2025-04-06T02:28:44.000Z,25.0,33.34,BuildingA_Floor2,TypeA
1047,2025-04-03T00:52:09.000Z,32.02,69.76,BuildingB_Floor1,TypeC
1076,2025-04-05T02:39:03.000Z,26.03,49.78,BuildingA_Floor1,TypeA
1083,2025-04-05T05:32:14.000Z,34.55,79.68,BuildingA_Floor2,TypeC
1083,2025-04-04T13:59:34.000Z,32.55,72.08,BuildingA_Floor1,TypeB
1048,2025-04-05T15:21:11.000Z,22.66,59.83,BuildingA_Floor1,TypeB
1006,2025-04-04T07:21:00.000Z,27.76,30.03,BuildingA_Floor2,TypeC
1059,2025-04-06T07:14:01.000Z,19.49,74.73,BuildingA_Floor2,TypeB
1080,2025-04-04T20:43:11.000Z,25.53,62.12,BuildingB_Floor2,TypeC
1069,2025-04-04T11:16:01.000Z,31.82,59.55,BuildingB_Floor1,TypeA
1033,2025-04-07T16:34:52.000Z,23.03,31.43,BuildingB_Floor2,TypeA
1085,2025-04-06T03:24:19.000Z,31.84,64.83,BuildingB_Floor1,TypeB
1006,2025-04-06T16:20:26.000Z,28.48,56.71,BuildingA_Floor2,TypeB
1071,2025-04-03T08:31:11.000Z,32.01,45.33,BuildingA_Floor2,TypeB
1036,2025-04-05T14:54:20.000Z,30.84,35.78,BuildingA_Floor1,TypeB
1022,2025-04-05T22:30:12.000Z,21.22,79.37,BuildingA_Floor1,TypeB
1098,2025-04-04T04:14:54.000Z,32.0,47.89,BuildingA_Floor2,TypeA
1057,2025-04-04T21:50:12.000Z,16.74,40.07,BuildingA_Floor1,TypeA
1088,2025-04-06T19:07:13.000Z,24.18,60.65,BuildingA_Floor2,TypeA
1059,2025-04-04T14:41:24.000Z,15.02,69.01,BuildingA_Floor1,TypeB
1080,2025-04-03T04:38:46.000Z,20.29,50.58,BuildingA_Floor2,TypeC
1097,2025-04-06T16:17:43.000Z,19.91,41.06,BuildingA_Floor1,TypeB
1002,2025-04-07T12:02:18.000Z,28.96,72.04,BuildingA_Floor2,TypeC
1050,2025-04-03T04:37:45.000Z,29.11,36.84,BuildingB_Floor1,TypeA
1024,2025-04-03T04:40:18.000Z,19.24,36.96,BuildingA_Floor2,TypeB
1062,2025-04-02T23:07:43.000Z,18.39,39.63,BuildingB_Floor2,TypeC
1069,2025-04-04T00:53:45.000Z,21.9,61.4,BuildingB_Floor1,TypeB
1055,2025-04-07T17:18:04.000Z,32.22,52.02,BuildingB_Floor2,TypeA
1037,2025-04-04T12:46:13.000Z,29.16,47.71,BuildingB_Floor1,TypeC
1098,2025-04-06T23:33:28.000Z,22.06,56.92,BuildingB_Floor1,TypeB
1027,2025-04-07T14:45:36.000Z,16.06,48.06,BuildingA_Floor1,TypeC
1092,2025-04-04T17:27:47.000Z,26.85,45.24,BuildingA_Floor1,TypeB
1062,2025-04-04T00:54:11.000Z,17.41,42.47,BuildingB_Floor1,TypeA
1055,2025-04-03T14:59:53.000Z,15.69,66.88,BuildingB_Floor2,TypeB
1096,2025-04-06T14:44:24.000Z,23.58,64.63,BuildingB_Floor2,TypeB
1081,2025-04-05T12:32:48.000Z,24.84,56.86,BuildingB_Floor2,TypeA
1031,2025-04-06T08:13:35.000Z,22.16,73.2,BuildingA_Floor1,TypeA
1016,2025-04-07T17:10:50.000Z,22.23,63.42,BuildingB_Floor2,TypeB
1003,2025-04-02T21:29:56.000Z,25.22,61.52,BuildingA_Floor1,TypeB
1055,2025-04-06T09:25:08.000Z,18.89,46.85,BuildingB_Floor2,TypeA
1044,2025-04-06T22:39:08.000Z,34.23,71.93,BuildingB_Floor2,TypeA
1021,2025-04-05T23:04:08.000Z,31.0,47.57,BuildingB_Floor2,TypeB
1030,2025-04-04T20:16:31.000Z,26.34,66.94,BuildingB_Floor2,TypeC
1018,2025-04-06T20:26:52.000Z,27.85,48.57,BuildingB_Floor1,TypeA
1024,2025-04-06T02:14:00.000Z,23.16,45.22,BuildingB_Floor2,TypeA
1023,2025-04-06T22:41:38.000Z,20.07,70.82,BuildingA_Floor1,TypeA
1045,2025-04-07T02:24:13.000Z,34.5,38.95,BuildingB_Floor2,TypeB
1076,2025-04-05T03:37:15.000Z,32.39,60.08,BuildingB_Floor1,TypeA
1023,2025-04-05T22:28:35.000Z,15.4,51.43,BuildingB_Floor2,TypeC
1080,2025-04-03T11:27:38.000Z,20.38,43.2,BuildingA_Floor1,TypeA
1079,2025-04-03T02:35:14.000Z,17.93,35.23,BuildingB_Floor1,TypeB
1012,2025-04-07T07:30:04.000Z,25.63,74.18,BuildingA_Floor1,TypeA
1060,2025-04-06T07:19:42.000Z,21.74,77.92,BuildingB_Floor2,TypeC
1030,2025-04-03T13:52:48.000Z,21.16,54.49,BuildingB_Floor2,TypeB
1006,2025-04-07T11:58:59.000Z,31.6,53.22,BuildingB_Floor1,TypeB
1042,2025-04-06T19:33:44.000Z,17.95,30.64,BuildingA_Floor2,TypeA
1100,2025-04-04T18:21:42.000Z,34.02,46.94,BuildingA_Floor1,TypeB
1039,2025-04-03T01:50:47.000Z,20.19,58.49,BuildingB_Floor2,TypeA
1000,2025-04-06T07:54:41.000Z,34.41,32.94,BuildingB_Floor2,TypeA
1001,2025-04-06T15:18:20.000Z,23.63,52.04,BuildingA_Floor2,TypeA
1007,2025-04-05T21:48:52.000Z,18.11,51.32,BuildingB_Floor1,TypeA
1099,2025-04-06T16:04:38.000Z,25.65,67.76,BuildingA_Floor2,TypeB
1060,2025-04-06T20:42:48.000Z,15.43,30.88,BuildingB_Floor2,TypeA
1016,2025-04-06T18:02:21.000Z,16.96,58.04,BuildingA_Floor2,TypeB
1027,2025-04-05T01:24:37.000Z,32.88,51.47,BuildingA_Floor2,TypeA
1011,2025-04-06T22:11:33.000Z,28.78,37.21,BuildingB_Floor1,TypeB
1085,2025-04-07T13:46:31.000Z,17.63,69.5,BuildingB_Floor2,TypeB
1077,2025-04-07T13:02:17.000Z,32.28,47.66,BuildingB_Floor1,TypeC
1015,2025-04-06T18:23:17.000Z,24.22,50.48,BuildingA_Floor1,TypeC
1091,2025-04-04T23:49:53.000Z,33.64,36.91,BuildingB_Floor2,TypeA
1052,2025-04-03T20:37:06.000Z,31.38,38.73,BuildingA_Floor1,TypeB
1027,2025-04-05T01:55:16.000Z,29.15,68.53,BuildingB_Floor1,TypeC
1099,2025-04-07T00:37:57.000Z,29.99,56.47,BuildingB_Floor1,TypeB
1077,2025-04-05T07:53:08.000Z,27.81,43.76,BuildingA_Floor2,TypeC
1088,2025-04-06T02:54:54.000Z,26.61,62.81,BuildingA_Floor1,TypeB
1093,2025-04-04T06:13:52.000Z,21.71,73.88,BuildingB_Floor1,TypeA
1053,2025-04-04T07:26:11.000Z,27.9,50.94,BuildingB_Floor1,TypeA
1001,2025-04-07T08:28:42.000Z,30.14,38.45,BuildingB_Floor2,TypeB
1082,2025-04-07T16:08:47.000Z,31.35,45.2,BuildingA_Floor2,TypeB
1029,2025-04-04T05:55:49.000Z,30.33,30.9,BuildingA_Floor2,TypeA
1058,2025-04-04T20:34:12.000Z,18.27,55.29,BuildingA_Floor1,TypeB
1009,2025-04-07T18:28:18.000Z,15.92,71.92,BuildingB_Floor2,TypeB
1081,2025-04-04T23:13:52.000Z,23.29,68.28,BuildingA_Floor1,TypeC
1008,2025-04-02T19:59:10.000Z,17.42,43.33,BuildingA_Floor2,TypeB
1100,2025-04-03T10:04:49.000Z,26.76,40.63,BuildingB_Floor1,TypeB
1034,2025-04-07T09:56:29.000Z,18.34,60.06,BuildingB_Floor2,TypeA
1074,2025-04-05T00:37:04.000Z,20.09,75.28,BuildingB_Floor1,TypeB
1050,2025-04-04T15:26:36.000Z,21.66,49.95,BuildingA_Floor2,TypeA
1088,2025-04-05T14:31:41.000Z,29.22,63.25,BuildingB_Floor2,TypeA
1036,2025-04-02T22:51:46.000Z,15.37,59.81,BuildingB_Floor2,TypeB
1042,2025-04-05T01:39:54.000Z,20.62,35.53,BuildingB_Floor1,TypeC
1039,2025-04-07T05:04:11.000Z,27.91,39.47,BuildingA_Floor1,TypeB
1077,2025-04-06T15:26:43.000Z,18.36,46.44,BuildingA_Floor2,TypeC
1048,2025-04-06T13:26:36.000Z,25.95,52.24,BuildingB_Floor1,TypeB
1095,2025-04-03T17:07:59.000Z,32.12,78.89,BuildingB_Floor1,TypeB
1049,2025-04-05T17:48:43.000Z,31.08,58.41,BuildingA_Floor1,TypeB
1011,2025-04-04T02:09:24.000Z,26.62,59.54,BuildingA_Floor2,TypeB
1017,2025-04-07T01:13:52.000Z,19.84,40.24,BuildingA_Floor2,TypeC
1042,2025-04-07T02:22:40.000Z,22.05,60.6,BuildingB_Floor1,TypeB
1097,2025-04-02T23:51:02.000Z,17.15,45.34,BuildingA_Floor1,TypeA
1045,2025-04-04T20:23:40.000Z,34.28,32.0,BuildingB_Floor2,TypeA
1070,2025-04-05T12:25:47.000Z,17.35,62.7,BuildingA_Floor2,TypeC
1064,2025-04-04T00:37:36.000Z,28.97,77.96,BuildingB_Floor1,TypeC
1091,2025-04-06T13:31:19.000Z,27.27,46.35,BuildingA_Floor1,TypeB
1047,2025-04-06T08:14:14.000Z,33.94,55.28,BuildingA_Floor1,TypeC
1039,2025-04-05T17:28:52.000Z,31.37,49.56,BuildingB_Floor1,TypeB
1096,2025-04-04T10:23:16.000Z,16.5,33.39,BuildingB_Floor2,TypeA
1073,2025-04-07T13:58:12.000Z,27.62,45.68,BuildingA_Floor2,TypeA
1068,2025-04-03T19:20:02.000Z,27.54,72.34,BuildingB_Floor1,TypeB
1026,2025-04-04T14:45:00.000Z,23.31,60.02,BuildingB_Floor1,TypeC
1090,2025-04-04T09:42:00.000Z,17.63,39.23,BuildingA_Floor2,TypeC
1075,2025-04-07T17:38:00.000Z,19.56,71.62,BuildingB_Floor2,TypeC
1020,2025-04-04T02:56:08.000Z,32.56,41.86,BuildingA_Floor1,TypeC
1028,2025-04-04T08:53:09.000Z,24.88,44.13,BuildingA_Floor1,TypeB
1040,2025-04-04T12:44:23.000Z,28.85,68.29,BuildingA_Floor2,TypeC
1096,2025-04-03T18:42:05.000Z,18.56,54.16,BuildingB_Floor2,TypeA
1037,2025-04-04T20:43:48.000Z,24.83,50.33,BuildingB_Floor1,TypeC
1018,2025-04-06T10:31:55.000Z,25.51,75.93,BuildingB_Floor2,TypeA
1051,2025-04-04T08:43:26.000Z,21.4,32.05,BuildingA_Floor2,TypeA
1084,2025-04-03T04:54:35.000Z,15.12,55.95,BuildingA_Floor2,TypeC
1086,2025-04-04T03:53:49.000Z,33.18,65.43,BuildingB_Floor2,TypeB
1057,2025-04-05T08:09:07.000Z,24.72,34.11,BuildingB_Floor1,TypeA
1007,2025-04-02T23:48:57.000Z,24.95,43.84,BuildingB_Floor2,TypeA
1010,2025-04-05T00:39:23.000Z,26.79,61.94,BuildingA_Floor2,TypeA
1066,2025-04-03T21:19:55.000Z,19.43,65.87,BuildingA_Floor2,TypeB
1083,2025-04-03T13:32:07.000Z,25.64,70.79,BuildingA_Floor1,TypeC
1069,2025-04-04T22:33:53.000Z,28.66,51.3,BuildingA_Floor1,TypeC
1027,2025-04-04T14:48:22.000Z,28.14,34.25,BuildingB_Floor2,TypeB
1050,2025-04-06T04:57:18.000Z,18.13,48.8,BuildingA_Floor1,TypeB
1014,2025-04-05T14:50:13.000Z,21.28,62.91,BuildingB_Floor1,TypeB
1014,2025-04-04T01:14:32.000Z,22.49,45.35,BuildingA_Floor1,TypeB
1096,2025-04-06T12:42:22.000Z,33.19,57.16,BuildingB_Floor1,TypeC
1044,2025-04-02T20:16:00.000Z,25.87,44.31,BuildingB_Floor2,TypeA
1012,2025-04-03T12:04:56.000Z,18.78,42.52,BuildingB_Floor1,TypeB
1091,2025-04-04T03:05:10.000Z,22.6,45.12,BuildingB_Floor1,TypeC
1019,2025-04-06T08:44:34.000Z,24.8,47.0,BuildingB_Floor1,TypeB
1056,2025-04-05T13:50:43.000Z,16.11,37.61,BuildingA_Floor1,TypeB
1022,2025-04-04T15:14:38.000Z,28.46,44.35,BuildingB_Floor2,TypeB
1055,2025-04-07T08:18:44.000Z,30.37,75.74,BuildingA_Floor1,TypeB
1078,2025-04-04T19:27:58.000Z,30.48,48.06,BuildingB_Floor2,TypeB
1043,2025-04-02T23:15:57.000Z,19.82,59.68,BuildingA_Floor1,TypeA
1012,2025-04-07T16:53:21.000Z,33.03,36.49,BuildingB_Floor1,TypeB
1066,2025-04-03T06:06:08.000Z,28.52,59.99,BuildingA_Floor2,TypeA
1044,2025-04-03T05:16:29.000Z,23.84,41.35,BuildingA_Floor1,TypeC
1032,2025-04-04T23:16:54.000Z,21.37,64.46,BuildingB_Floor1,TypeA
1052,2025-04-06T09:51:18.000Z,29.81,46.97,BuildingB_Floor1,TypeB
1077,2025-04-06T06:15:59.000Z,23.46,37.59,BuildingB_Floor2,TypeA
1060,2025-04-02T20:24:42.000Z,18.4,71.02,BuildingB_Floor2,TypeA
1025,2025-04-05T09:38:38.000Z,18.29,79.71,BuildingB_Floor1,TypeA
1007,2025-04-06T15:47:36.000Z,19.47,62.44,BuildingA_Floor1,TypeC
1064,2025-04-06T13:10:40.000Z,17.92,72.43,BuildingA_Floor1,TypeA
1028,2025-04-07T07:03:32.000Z,33.71,35.68,BuildingB_Floor1,TypeB
1018,2025-04-06T13:10:22.000Z,16.02,63.64,BuildingA_Floor1,TypeA
1081,2025-04-03T15:06:54.000Z,31.34,78.79,BuildingA_Floor1,TypeA
1039,2025-04-04T09:09:04.000Z,22.64,62.7,BuildingA_Floor2,TypeC
1039,2025-04-02T20:56:43.000Z,25.14,68.87,BuildingA_Floor1,TypeB
1054,2025-04-05T01:45:18.000Z,23.07,51.1,BuildingB_Floor2,TypeA
1079,2025-04-07T15:17:12.000Z,21.28,36.53,BuildingA_Floor2,TypeB
1018,2025-04-05T19:52:02.000Z,22.81,72.48,BuildingA_Floor2,TypeB
1099,2025-04-06T04:29:05.000Z,21.25,54.19,BuildingB_Floor2,TypeC
1051,2025-04-05T13:27:46.000Z,29.56,43.39,BuildingB_Floor1,TypeA
1029,2025-04-04T05:12:53.000Z,27.69,30.26,BuildingB_Floor2,TypeC
1063,2025-04-05T07:28:52.000Z,19.77,68.5,BuildingA_Floor2,TypeC
1044,2025-04-03T20:39:01.000Z,17.03,63.1,BuildingB_Floor2,TypeA
1071,2025-04-05T23:53:32.000Z,32.23,31.66,BuildingA_Floor1,TypeC
1015,2025-04-06T14:50:47.000Z,19.35,76.29,BuildingB_Floor1,TypeB
1075,2025-04-03T15:39:46.000Z,34.3,49.88,BuildingA_Floor2,TypeC
1096,2025-04-07T00:35:21.000Z,25.78,40.96,BuildingB_Floor2,TypeC
1040,2025-04-05T13:34:48.000Z,25.53,65.29,BuildingA_Floor2,TypeC
1016,2025-04-06T07:02:08.000Z,30.67,31.8,BuildingA_Floor1,TypeA
